t,x_21,call_price_21,x_22,call_price_22
0.0,100.0,26.195896384062504,100.0,26.5954651090166
0.001001001001001001,100.37014062219708,26.48850198588994,102.55704736307219,28.23498537508871
0.002002002002002002,99.36937854341738,25.583725833279768,102.78438623310893,27.476251842025288
0.003003003003003003,99.41503019813761,27.257232156397954,104.31469367484351,29.031925447289154
0.004004004004004004,99.0760723362962,26.481656600426287,103.42237238496712,27.86826223875744
0.005005005005005005,97.82628362807219,24.61440617722724,100.96704639403636,27.84311839752523
0.006006006006006006,100.24520152113828,26.417545409415318,99.59498986097682,25.616065113041724
0.007007007007007007,101.7145503152554,27.468693066584407,98.08253722908569,23.91539839101131
0.008008008008008008,101.01519786756336,26.59838571303295,96.36231190695335,23.36245326718673
0.009009009009009009,100.9529376458574,26.710366714854757,96.44090286082668,24.906178695922264
0.01001001001001001,100.934727937429,26.495964744892408,96.72710457666406,24.634243657659866
0.011011011011011011,105.2570273173064,29.19435780470791,96.58151973709893,23.637543660176426
0.012012012012012012,105.9981303903212,29.759033453830867,96.47920197864794,23.71455066822264
0.013013013013013013,105.33958522443058,29.376430312442814,95.97495640791468,23.58635092493892
0.014014014014014014,105.93798800271857,30.543842157937316,94.63102736093022,23.30749196034032
0.015015015015015015,105.54204958316605,29.82793808525052,96.33648725729287,22.332162655754896
0.016016016016016016,105.54838960655098,30.8317766155936,94.95166144447083,22.45971813920783
0.017017017017017015,104.93950832611458,28.518957019165292,93.09194877860689,21.389033909922
0.018018018018018018,106.43510124713573,31.618763152297866,92.15516797379216,21.165860345402287
0.01901901901901902,104.72360355234056,30.395325524020457,94.2546345179565,21.643873386761623
0.02002002002002002,102.07139117748272,28.043188471752753,96.34450831370137,23.194281941565883
0.02102102102102102,102.88345536596931,28.812592520899926,95.24619932362216,22.90984507895798
0.022022022022022022,104.45427827466297,28.5463595608723,93.79320765042529,23.273041262269796
0.023023023023023025,103.62542950419068,27.412357206165815,91.03606522222275,20.936297688232603
0.024024024024024024,103.47307471153137,26.83086251583042,93.20928988325169,22.17226189911589
0.025025025025025023,101.4099845927469,25.574265763012836,93.15938912285382,21.57804059176266
0.026026026026026026,102.48228676324403,27.504610732608256,91.2077543039853,21.932092438943084
0.02702702702702703,103.01530584146178,28.137871694826543,91.84741521778994,20.418527752895823
0.028028028028028028,99.08212116037113,25.62754700399345,91.75759505858612,19.115060255689805
0.029029029029029027,98.31479836337819,25.48409122605577,90.35585930177166,20.371965958112717
0.03003003003003003,96.06533510013628,22.04139241896254,89.18652287550464,19.13839560614955
0.031031031031031032,94.26246059528779,22.75209425663415,87.55875236499642,19.67303795204136
0.03203203203203203,94.06368127648285,23.732829155621044,86.96144386719284,18.17806616623355
0.03303303303303303,94.44319795627185,23.026169086555605,87.4139550933185,20.228624417266193
0.03403403403403403,93.02010055334635,21.241413554950817,88.56216527020808,20.1531137172987
0.035035035035035036,92.26671871367022,20.849231647147437,86.41647970110607,17.428803566189913
0.036036036036036036,93.70779020120644,21.46607679821942,84.71802356922872,16.60847089756036
0.037037037037037035,94.85374506006639,23.237332965102734,88.42285187162754,19.516289635007563
0.03803803803803804,95.13594006829535,22.352204471744244,88.39310212158477,19.608585770977083
0.03903903903903904,95.74893967290896,22.071112596439637,92.21053168754885,20.275750111956643
0.04004004004004004,95.20190007493815,22.654148326611942,91.83417095896638,21.886403669763315
0.04104104104104104,94.81468060432636,22.474481863655658,91.13834923307684,20.424467543064495
0.04204204204204204,94.98154878106969,22.47727302889545,90.24227850332838,19.894101465199853
0.043043043043043044,96.17918097322382,22.791876065179117,90.65545930705575,20.935138350457194
0.044044044044044044,97.8760063487251,23.607334441907962,88.21736513804233,19.67750569795013
0.04504504504504504,98.11543196891004,24.359397418168086,90.85566672152913,20.35656790012068
0.04604604604604605,96.14429205624765,24.281128437561495,90.90346473723491,20.992931662530676
0.04704704704704705,93.84661191483254,21.9626647944973,94.25921377659847,21.46581249788692
0.04804804804804805,94.20708410578405,21.83697629548524,93.82309774666419,21.978305328914626
0.04904904904904905,93.51228766722903,22.48992363212047,91.28587419589937,20.438408937779922
0.050050050050050046,93.35547876325495,21.987372306103968,91.86864770038099,21.627725813821936
0.05105105105105105,92.78218234825599,20.96393555638565,92.11531928208159,20.651322583182484
0.05205205205205205,90.63964945840355,19.75383810645852,91.2590503982981,20.786230734763148
0.05305305305305305,90.68061499381152,20.9894027055862,93.6647596398994,21.769289899659945
0.05405405405405406,89.82125980959395,18.86764224456009,93.0035453105651,21.843665828745973
0.055055055055055056,90.06055516678867,19.91804567061152,90.95098787852066,19.043493583369013
0.056056056056056056,88.97747212062771,20.699157935962248,90.05661257492056,19.476801690716314
0.057057057057057055,89.11042277932815,18.984452089242307,92.59185734908736,21.01712879766841
0.058058058058058054,88.9173528652371,19.524214738254148,92.33321151080749,21.057898358508226
0.05905905905905906,89.67806880071895,17.92435608461873,92.00850681404704,21.56648292150672
0.06006006006006006,89.60384229058222,19.25815844568035,90.32774130273137,20.209370369436627
0.06106106106106106,90.22007410914148,20.24973005786821,90.94777839184613,20.317400177869125
0.062062062062062065,89.55658962312334,19.053880071279657,90.46414659638155,18.697876189420366
0.06306306306306306,89.83460595594728,20.009695943031396,90.49925637544794,19.595193772858828
0.06406406406406406,90.47201733885886,19.148033324405795,88.73564428119448,18.87504281356201
0.06506506506506507,88.41262693364777,19.63855230346852,88.46075768958438,19.322522334959253
0.06606606606606606,89.09109386974725,18.534227854954235,86.89578308257367,17.101859357018775
0.06706706706706707,90.95969594809489,21.278985094353647,85.63553093083124,17.241553625077398
0.06806806806806806,91.48830876891996,20.118442150875204,86.8582083531256,18.228841361919415
0.06906906906906907,90.23584298397823,19.851728178774657,88.00036995140056,18.81913567044332
0.07007007007007007,91.62679555348464,20.503930323260334,90.06827473689185,18.75415456319335
0.07107107107107107,94.29456508371511,23.668336631378633,86.99853205302838,18.58716159288144
0.07207207207207207,95.25505821342267,21.76975927280264,88.13965893293157,19.76337980812278
0.07307307307307308,95.45266824486579,22.198022033865936,88.43216238011314,18.250494136526807
0.07407407407407407,95.09697183425574,21.784261354241686,88.65932228094627,18.344546701137652
0.07507507507507508,93.31109412382298,20.250566710285387,88.9508682159625,18.229060845566107
0.07607607607607608,92.4281526877166,20.568897768394706,86.30994996676036,16.60113618998306
0.07707707707707707,91.03755560346137,20.886051620217593,86.36716086161357,18.48957836160163
0.07807807807807808,89.97159291099838,18.706387466646966,87.55461961476345,18.51389133014716
0.07907907907907907,88.57304271994167,17.70201209497683,87.27162407765229,16.9473686597893
0.08008008008008008,88.52177934846209,19.097965952778615,86.44540435026553,17.703387484030326
0.08108108108108109,88.2208235874363,18.578251466360275,87.9102836525206,18.1467865742774
0.08208208208208208,87.99287744499975,18.125339742791656,88.07651825114623,18.57464994240272
0.08308308308308308,87.55503171743274,17.62371850578854,86.28623392280998,17.281613330101006
0.08408408408408408,87.42990234787995,17.737724083138197,86.09808812392113,17.928847368029494
0.08508508508508508,89.48352898052237,18.660781098839756,88.49677273677231,19.302887248930688
0.08608608608608609,89.54333829831509,19.299771687771553,87.82015921467973,17.644701244948347
0.08708708708708708,90.45498235562424,19.442419116872113,86.65293930564553,17.40744610182379
0.08808808808808809,89.97001248903422,20.032864807813475,86.88669993291207,17.467056707901254
0.0890890890890891,91.45626162535054,19.197538318921882,85.55674965542048,16.625150435677913
0.09009009009009009,93.16448708486286,20.908398224003314,83.97905457543511,16.83837765566702
0.09109109109109109,93.99249539186506,21.2544570119499,85.48559396475692,16.508289916388634
0.0920920920920921,95.58930045922277,23.58247758612764,86.19760757996502,16.481237254041417
0.09309309309309309,95.09785507235645,20.28136294752957,85.85654703927524,17.138005924469777
0.0940940940940941,96.08382174119947,22.83732032168669,86.89804494516486,17.39354076347
0.09509509509509509,93.63961666325021,20.78701686637169,86.68301977037038,17.910197763708393
0.0960960960960961,94.69084403251075,22.381036380325867,86.50517008538458,18.374755450598233
0.0970970970970971,93.27071120821127,20.08552217218934,87.04191990195929,17.912639593990576
0.0980980980980981,91.96730758771832,20.43380238766347,84.869019478881,16.211874975297295
0.0990990990990991,90.83476390448145,19.90965317253111,81.99056105974365,15.545242571363652
0.10010010010010009,88.02254717417779,18.419180798552382,83.01558511119264,15.707658171838249
0.1011011011011011,88.62404561668633,18.382067963498006,83.65013584948613,15.699692097426393
0.1021021021021021,88.43468689087398,18.223219883942544,83.29411917724362,16.826961104050504
0.1031031031031031,88.36669026372034,17.9122241216662,86.65818277639652,18.32617511610198
0.1041041041041041,87.48120874105811,17.510266167278203,87.98593375812489,18.417297241699128
0.10510510510510511,86.04923797443828,16.80148079758561,87.5603619752186,17.25704346497159
0.1061061061061061,85.3293370391495,17.637741154539476,86.63541744946113,17.79511260895865
0.10710710710710711,84.13130801278588,15.916837669544458,87.82836707135068,17.61617767193105
0.10810810810810811,86.78738475369963,17.195697966577512,86.22859763292361,16.260802750440853
0.1091091091091091,89.79108524226491,18.276354066360856,85.42022976430366,16.928351093256715
0.11011011011011011,90.05328894377286,18.89818706156554,82.82139567654306,15.112363853324135
0.1111111111111111,87.5867613105494,17.778937180287812,84.47330868144587,15.849772257879184
0.11211211211211211,87.43767171207,17.736810745404593,92.91691671239954,19.503994568190542
0.11311311311311312,88.273230604092,17.89670232826134,89.60864119911214,18.33417465798066
0.11411411411411411,86.66190452948037,16.35379590214748,89.13211806238712,18.609684078543776
0.11511511511511512,86.85948655017967,16.17387815004303,88.13029599333551,17.942621805858753
0.11611611611611611,86.91937452476483,16.29489484960084,88.47419297734429,17.739234866173362
0.11711711711711711,86.98078415324349,17.648895801650564,87.71578793647393,17.72332197373346
0.11811811811811812,85.6403040170356,16.766854002962727,87.81931994317151,17.197064832901972
0.11911911911911911,84.54573763704288,17.106063436862634,86.95801670089082,17.450978379009403
0.12012012012012012,84.8321676302245,15.235232787055478,88.6161000123451,19.173222221680682
0.12112112112112113,85.55520362843016,16.119616071737696,89.61647138592208,18.297139715039496
0.12212212212212212,85.28702735575058,17.278281373201274,88.19206076829255,18.862434761805453
0.12312312312312312,86.78478853074586,16.52741268821197,89.95238201769779,20.107607619381405
0.12412412412412413,83.32589197465914,15.003585785704281,90.6107680484654,21.030504268096518
0.12512512512512514,84.45702605784952,15.064032899557118,90.48392624178666,18.855837014802116
0.12612612612612611,83.60483089468619,16.426107561665813,91.08553599018418,19.626251721901223
0.12712712712712712,84.09746248134901,16.33885788689437,93.63035749652431,20.689689748103103
0.12812812812812813,86.44963098961587,17.09956401762131,95.23360390949736,20.495015265723644
0.12912912912912913,89.04175292856341,17.735797512606712,95.58899097472532,20.998731270670024
0.13013013013013014,89.15370914952685,17.81709721266434,95.257633994968,22.37728963340735
0.13113113113113112,89.73356694104037,18.26475997213,91.73428245271283,20.420380188328004
0.13213213213213212,89.95923147016538,18.72788336135615,89.19936378915969,19.098258841721112
0.13313313313313313,90.85749277691177,19.070500426887737,90.53509549177744,18.65827848155013
0.13413413413413414,89.88026703314883,18.2761662705537,90.53213558962801,19.26856530866804
0.13513513513513514,89.73021326769793,19.1024053549042,90.11522131047144,19.048936237271295
0.13613613613613612,89.11851889331702,18.922613211331775,90.69100168557424,19.19980802604968
0.13713713713713713,88.72189619920147,18.20667575683965,89.00384175111587,18.12210921730428
0.13813813813813813,89.21176226450102,17.275267598159363,90.85008824504118,18.13448670734678
0.13913913913913914,89.64518662190056,19.040594452081425,91.2176458779785,20.05750898799475
0.14014014014014015,88.13039881331103,16.99099399391789,91.57030355740535,20.499497320557268
0.14114114114114115,87.64388190238473,18.280244280311347,92.93315063498609,19.13101758990131
0.14214214214214213,89.65685993199514,18.092753310000656,93.48528114109061,21.680598804382825
0.14314314314314314,88.7647109032756,17.84520542165681,94.68647150978825,22.360347706401818
0.14414414414414414,88.79109228352428,17.77013121850831,96.06325996572409,22.45769961734316
0.14514514514514515,89.206049847942,17.875725626018127,93.47157959124455,20.14787681369105
0.14614614614614616,87.83552710498321,16.9283222143258,95.56233427125021,21.20560501106837
0.14714714714714713,88.4224854420762,17.59064011617672,95.13733271141857,21.06021694338378
0.14814814814814814,87.30371368661237,17.59507543832317,95.76529021196653,21.279815163223507
0.14914914914914915,86.64906497745216,17.128642475154965,97.98708843391485,23.936163316414337
0.15015015015015015,86.02053702407841,16.33911584482026,101.33428553065714,23.821747149945832
0.15115115115115116,86.2431371770039,16.93921159694668,104.00840170595313,27.629462481373054
0.15215215215215216,87.00944858217159,16.452550561192524,104.28530791017039,28.336182825355888
0.15315315315315314,87.07271446621264,16.492504721683733,105.14199090628279,28.45092330922274
0.15415415415415415,86.63482466514886,16.611848165619115,102.08847965728654,26.211673249984294
0.15515515515515516,86.79766665702739,16.88693397386968,100.95552774807048,25.387374895061573
0.15615615615615616,87.03040541789287,17.928621513638543,99.36405059278792,24.84900814894741
0.15715715715715717,87.37215207124574,17.17158600877358,99.04129282463808,23.47152064254389
0.15815815815815815,84.72186202106522,16.02467417729247,101.30262605277608,25.122886333093454
0.15915915915915915,87.01486684886181,16.03059369375592,102.24267629696776,26.724504280254635
0.16016016016016016,85.71068790898232,15.428087442631114,101.72213215989429,26.16449272106185
0.16116116116116116,86.05681025408413,15.421288696630592,103.38544213475114,25.346971471646178
0.16216216216216217,84.52229002588027,14.805464641809584,102.96987609899759,26.64849292873006
0.16316316316316315,84.10535159484839,15.32733092314256,103.35145839192678,26.40067758585773
0.16416416416416416,85.88264627353105,16.370095495045447,105.21798998028216,29.00086523014875
0.16516516516516516,84.23641263515935,15.325431556951184,105.17149112833457,27.610125773988532
0.16616616616616617,84.49116085518098,15.211014486239941,106.05239604527856,29.334417271276486
0.16716716716716717,92.21081313487271,19.22189540362476,105.7907929770456,27.027924770403022
0.16816816816816815,91.31062743833543,19.465697356017746,107.52765143950381,29.67849441067091
0.16916916916916916,91.34290664498991,19.95105759323581,109.25606663399596,31.31962667765644
0.17017017017017017,92.35817296046699,19.351657828807227,110.18896682422293,30.62542469249015
0.17117117117117117,91.71584632517552,19.08947944180244,107.56335709854753,28.52603127069478
0.17217217217217218,91.62978346323267,19.07168150835503,107.69925385834802,29.40120412032428
0.17317317317317318,94.35997324053143,20.251607657225687,109.54358294455642,30.883583240706947
0.17417417417417416,94.59873810724487,21.007277792767226,107.00577538348762,28.950480415856337
0.17517517517517517,92.820984154564,19.251276837918503,105.19758437559366,28.060153877465215
0.17617617617617617,90.07811505940977,17.807428863848234,106.59226209707387,28.235983258454397
0.17717717717717718,89.62791381357661,17.95718615988704,107.48550471716867,28.046627976873655
0.1781781781781782,89.4396376107252,17.769337407457808,104.9937117701163,28.278450003693912
0.17917917917917917,89.75567897036572,18.004767268306225,103.95004232183854,25.799855624469537
0.18018018018018017,89.94236077781139,18.16690220648856,105.23156895130727,27.869239162431736
0.18118118118118118,93.36077364324488,19.073541762442172,106.52664445751752,28.30286391617943
0.18218218218218218,94.56313152856026,19.871898819441444,107.39415529769693,29.624468128970285
0.1831831831831832,93.7157411103666,19.71248373887823,106.82301566696854,29.01756984067165
0.1841841841841842,90.957604644699,18.68571979541622,103.12184404171326,26.139860935993237
0.18518518518518517,91.5226201636323,18.788879493033026,100.39994227721697,24.210059212242776
0.18618618618618618,91.35800554136081,20.32370422052879,102.84719981541008,25.748124590104357
0.1871871871871872,91.46381387074209,19.062728290381816,101.43742128723353,25.894510489849022
0.1881881881881882,91.22681472132822,19.299013649250508,103.01381600048344,26.920506851773297
0.1891891891891892,89.35810021675829,18.200560723478873,103.42393862627682,26.558937061413314
0.19019019019019018,88.04485997890689,17.278878122711475,102.84826617985065,25.805200215792834
0.19119119119119118,88.59793803747881,16.634725241760574,102.77434872395908,25.890885281966362
0.1921921921921922,87.67589709460623,16.519958482982958,102.97227567722499,26.601633857668265
0.1931931931931932,88.10742557184311,16.511271032998557,104.22616348527131,25.663094480216852
0.1941941941941942,87.37309605873995,16.899806583684732,102.02959671273858,24.737951508707965
0.19519519519519518,86.9687697132873,16.01418885258672,103.79461426311366,25.489851982517493
0.1961961961961962,88.62945815547803,18.2651876187722,104.0252613229673,26.4072666095323
0.1971971971971972,87.13394956381607,17.166132807466393,107.0677453728085,27.228927753623868
0.1981981981981982,88.42768549628161,16.856350852948943,110.31169416308447,30.632828575340646
0.1991991991991992,89.86316158050543,18.568974000953194,108.88138896362625,28.658766813317452
0.20020020020020018,89.87715934603047,17.196868261218235,109.06116709464601,28.834635357273065
0.2012012012012012,89.94395725907121,18.345669758533067,108.5334729814507,29.486172674579272
0.2022022022022022,91.06413332979166,18.692793300352246,108.54157918770306,29.755793224104185
0.2032032032032032,94.26787740982098,19.845040404667884,111.50468701517786,32.302852175184384
0.2042042042042042,92.13607112981909,19.450909154074306,111.83719201388155,31.98027411369693
0.20520520520520522,92.01544562676901,18.502006171308203,113.46734971003966,31.404980142341046
0.2062062062062062,94.40991869266523,19.893957889290753,114.04335771794511,33.36463313543906
0.2072072072072072,91.54104921518766,18.826015641409388,111.97815334769875,33.11849016109152
0.2082082082082082,94.68178082282475,20.721204706356676,110.06710000168694,28.983663936589927
0.2092092092092092,93.98316561358376,20.278443863381185,111.41381151723782,31.988463436129184
0.21021021021021022,95.96043440305066,21.419194361751206,110.66115036033791,30.4445557082329
0.2112112112112112,96.94267169869978,22.19395205905957,111.20467482131747,30.84792994664029
0.2122122122122122,97.0827895425712,21.667950173634527,108.8492965374492,28.46916167338467
0.2132132132132132,98.4159011367739,23.282916283747625,110.21831798895515,28.965170450567516
0.21421421421421422,98.09621999246518,23.373077071338358,110.2838414724982,30.435575770775415
0.21521521521521522,98.88796882432611,23.089505123120656,110.9088622125694,31.210001570448068
0.21621621621621623,99.94705107009264,22.795066458249725,111.0116494432397,30.178176608687334
0.2172172172172172,100.08903900517728,23.648833749964094,109.18812055406087,28.79653081702169
0.2182182182182182,100.7309573323197,25.61557451219791,107.71330623323692,27.849244061552902
0.21921921921921922,99.58261738766839,23.29855942465621,109.82644024602537,28.452712044564556
0.22022022022022023,101.37223793846587,25.020657064537087,105.59224667215668,26.28284852397804
0.22122122122122123,100.78319741344376,22.31584275739613,105.74415489262977,27.130062443993616
0.2222222222222222,100.45635572360104,22.700662652560343,105.3356372661415,26.18742597462543
0.22322322322322322,101.99373548680907,25.063978742832038,108.24867576505774,28.037702119435696
0.22422422422422422,105.29436250376877,26.729536678474066,108.21410982402709,29.562553812413682
0.22522522522522523,107.01132170632044,26.680568275064488,107.97088720043735,28.740967576666158
0.22622622622622623,105.97339144386093,26.95495618042577,106.19739995531437,26.77034118213435
0.2272272272272272,108.6984912343719,27.892031360728296,104.52060611704627,25.5064664931672
0.22822822822822822,109.4599351981841,28.850244571100625,103.06563939747507,26.386518271742776
0.22922922922922923,111.23793743441114,31.39618980691802,102.26079518218047,25.93986161201684
0.23023023023023023,111.81700660296187,30.544615880418004,102.08830769652735,23.909366304334327
0.23123123123123124,110.74407537201229,31.239162345553186,101.21385544469771,24.137747148046657
0.23223223223223222,109.34489030419408,29.751904292318326,100.00459572105476,24.37720416653925
0.23323323323323322,108.28490009535176,28.496705034518996,99.68251643301421,25.165121750210734
0.23423423423423423,109.46954602963537,28.917543616928175,102.78335504811196,25.69100635359402
0.23523523523523523,109.65636166402398,28.813249221265355,102.05690571373121,23.110387127168153
0.23623623623623624,109.05986861846814,28.68022401491319,105.4704658680815,25.909164921184242
0.23723723723723725,108.19103705058517,28.135294474650806,104.53818907550712,26.933461666815486
0.23823823823823823,107.54438953741753,27.61678294952188,105.17298562705678,25.808191200608242
0.23923923923923923,107.29893291117438,27.82385253757573,108.31850858521334,27.32291180721687
0.24024024024024024,107.23445504915762,25.791603522368938,109.20798004076134,29.264308107374013
0.24124124124124124,107.51827841057373,27.319686557290254,104.48534698719548,25.71526550133693
0.24224224224224225,105.90125485338575,25.91673820443567,106.96924218404186,27.13250610789425
0.24324324324324323,107.99620306454563,26.61488690299921,106.74702254970293,27.458569613566436
0.24424424424424424,108.42879940128452,29.612159311517622,105.82696214888617,27.250070490537013
0.24524524524524524,109.48368092577209,28.397751599614875,103.378301246536,25.425643384878573
0.24624624624624625,111.3619298831859,31.766784437193266,103.13538574250302,25.301550680650582
0.24724724724724725,112.09757799158372,31.1352217269164,100.63241046105534,22.8476568036101
0.24824824824824826,112.57058318441325,31.056723508244367,100.13669777637385,22.353668193898258
0.24924924924924924,114.75111496176663,31.146992322115747,101.18025035695773,22.62558410057892
0.2502502502502503,113.31195788454757,33.06323120563593,101.92879527204353,24.158441305071857
0.25125125125125125,114.82543531170886,34.15322830699547,103.61895899533556,25.08433435136651
0.25225225225225223,113.45728331208376,31.10635002880788,101.63443133620405,24.403362763745235
0.25325325325325326,115.08794334751369,33.965584472596035,99.47471647245189,22.539716063450847
0.25425425425425424,112.56203819685588,30.04241297092027,98.57249696840206,22.292548885479572
0.2552552552552553,112.98031043499992,31.096415708400908,101.31777862440899,23.420765672095982
0.25625625625625625,113.75374688074392,31.500576750939974,102.41083866470882,23.607054148650867
0.25725725725725723,109.61210699899154,29.384399330043003,102.37378633538307,24.013806097261266
0.25825825825825827,110.97657835868462,29.68611161540878,103.66251322322469,25.923385931142466
0.25925925925925924,110.13085144346522,29.315015716306874,101.76937479968939,24.59242492207235
0.2602602602602603,110.41848423927009,29.854963072177064,101.81021169839536,23.046401788350206
0.26126126126126126,114.69362537731135,32.62191264363537,101.21198851856532,24.448353363023244
0.26226226226226224,110.26356468161045,30.730297623757043,103.93075351544132,25.44042661271681
0.26326326326326327,110.34257028742817,29.14844453705352,104.020929080149,26.291321949585612
0.26426426426426425,112.01246774939273,29.942446600808097,105.89306288675256,26.51865979279782
0.2652652652652653,112.2131363615387,30.7002949371086,103.30249175351965,24.47939195451325
0.26626626626626626,108.96654785889974,28.055276417563928,104.46380237602038,24.420208570544652
0.26726726726726724,108.19049204710467,28.864590412271717,108.24687631159254,26.553493063861083
0.2682682682682683,106.02920289953431,27.141976117610607,106.8593227037171,26.708413632487694
0.26926926926926925,105.4838876553233,26.34070267490706,103.62590091569886,24.50103154118822
0.2702702702702703,106.67054153777549,27.806676141080995,106.9121880300605,27.82177605641884
0.27127127127127126,104.14743386162723,24.950015006874303,106.86337753436415,27.12673361987156
0.27227227227227224,102.86390350952634,23.835647066291383,105.41031893564302,25.352653359480666
0.2732732732732733,101.22191423959505,22.701238010671233,106.12012830107783,26.63728528036289
0.27427427427427425,101.27892174866449,23.417165387663662,106.70869177742564,26.646503639156077
0.2752752752752753,101.38122817227034,23.61491612057487,109.8781470383657,30.612120100214742
0.27627627627627627,101.63107418646491,23.141407477931075,108.31727819530256,28.930920935003634
0.2772772772772773,100.56400356251781,24.30339404209339,104.94298594436796,26.26096969089463
0.2782782782782783,101.17661609422824,22.664762396422553,105.07912329264545,25.464016971908343
0.27927927927927926,102.56003722645097,24.189812937322063,107.15110154909628,27.66796224105688
0.2802802802802803,105.04542022706637,25.306025118973476,107.95116299042557,27.58615889287225
0.28128128128128127,104.52792690941308,25.473196751370576,104.77824055626404,24.252707243170633
0.2822822822822823,103.2538352503432,24.6729990098805,103.32191616052276,24.83050939426627
0.2832832832832833,104.97043571949119,26.40318878453123,100.75918888542243,23.929916692636503
0.28428428428428426,102.74291364074234,24.93455242511221,101.60147051733985,22.12838844863401
0.2852852852852853,101.81805168162586,24.38368327769277,98.27143212581488,21.428719837155793
0.2862862862862863,102.45311120346607,23.49807528523839,97.01212494215935,21.13227753919007
0.2872872872872873,99.19311944064718,21.567490628697932,97.86468886607197,21.996940932788863
0.2882882882882883,111.02866969620354,30.255274324327353,96.02471070709616,20.342675602839183
0.28928928928928926,112.38418526605655,32.13728895635575,97.43835020270653,20.64069215850115
0.2902902902902903,112.70104855235502,29.98843949555034,99.99993068600881,22.206438653469363
0.2912912912912913,110.79564010198096,30.52103184009828,101.55077899790207,23.559170389198968
0.2922922922922923,108.51326838395315,28.271594788717156,98.96448857071829,22.517095819637287
0.2932932932932933,103.81041218614705,25.322219508365375,98.11327191684295,21.05547155118098
0.29429429429429427,105.7308593424807,25.783953382899984,95.3011853033951,19.330040668830378
0.2952952952952953,102.62541800942094,23.06391209765169,95.58703784178306,19.875461336309556
0.2962962962962963,147.29102087494113,57.56524059512272,94.82902968800323,19.728185396460425
0.2972972972972973,147.67416006680597,58.59556407145963,93.03140206620927,18.01308760261443
0.2982982982982983,144.39216718807575,54.85586521514236,90.34011063834296,15.294820366694049
0.29929929929929927,148.77117844505858,60.184314921716656,89.00000521011879,15.129811780649838
0.3003003003003003,152.5043175612571,62.25695355298452,86.71035819131686,14.49484911546673
0.3013013013013013,155.6485755125327,65.84645720334017,87.44576806400028,14.831713570448702
0.3023023023023023,156.9920024252242,64.8006098455029,87.71734790439362,15.231887607735692
0.3033033033033033,159.31650567418026,70.19328753240343,87.11069783495753,14.033208168388317
0.30430430430430433,162.49891494210766,70.03397998978944,85.96929745798234,14.055743940819758
0.3053053053053053,164.65139084222554,70.99062879021552,85.75144516905708,13.792999293896607
0.3063063063063063,164.894942548467,74.52451196311873,85.10226430412317,13.488785630447808
0.3073073073073073,165.7427335011651,74.59995361173239,84.35247120498849,14.177549131821378
0.3083083083083083,167.12752286202064,73.72111645196156,83.01116786154682,12.764479493399314
0.30930930930930933,167.2123391206724,75.19109298338142,81.72374767385651,11.515417193628897
0.3103103103103103,164.69985576388498,73.91389818155213,82.10607812621342,12.611710117482662
0.3113113113113113,162.26903918827787,69.01548012561402,82.78547938229573,12.819730132550083
0.3123123123123123,164.47811904073535,75.24183426913872,83.38905906367633,12.683244679205577
0.3133133133133133,164.10854570118707,73.53478137193034,83.19922355584809,12.72156859738027
0.31431431431431434,158.1473791811503,68.36557901888277,82.80374889779195,12.495962577947541
0.3153153153153153,162.6742023331813,68.73404340904773,82.07480902952297,12.87585290551345
0.3163163163163163,165.44604153652233,72.38438936630932,80.8811271635304,11.93045709952333
0.3173173173173173,167.50818311033248,76.92211579675794,81.59429136402825,11.732454799278228
0.3183183183183183,167.07687075629337,75.76978258654965,83.10953733310281,12.378080014764176
0.31931931931931934,166.10521904842187,72.05345855302772,81.42720520088876,11.663995311588288
0.3203203203203203,164.24504176311743,71.58221280952559,78.29355168116729,10.182339070741032
0.3213213213213213,165.6578010828415,73.31110368675316,76.52413946801394,9.798647808557059
0.32232232232232233,168.40175348715465,79.07282585296751,77.83209926079493,10.28410724840394
0.3233233233233233,169.57640082779568,76.47800032385055,79.17629056101534,11.16846960303277
0.32432432432432434,172.3749376556609,78.32920712510646,79.99112247694333,11.703545022862508
0.3253253253253253,175.23584240685264,82.6409008307728,79.15530025719215,9.887538796518342
0.3263263263263263,172.39346994037876,76.60451679726754,79.47087044746374,11.562181611406626
0.32732732732732733,172.23017691748265,80.52992145534627,78.9502729064221,10.375484268550357
0.3283283283283283,172.16107467884905,79.38893403138155,78.75113815831631,10.463235748011915
0.32932932932932935,165.97942996000526,73.14426067527899,77.79515849160742,10.21837573907237
0.3303303303303303,166.43434242235017,74.79431103985122,77.11640737053547,9.367909870158798
0.3313313313313313,165.16479422727133,71.94840969029885,77.24021032249672,9.631919260067265
0.33233233233233234,162.6943745298397,72.75998637558692,77.6904127180269,9.882248998536385
0.3333333333333333,160.08792761264309,68.55284825134788,78.0506941251317,10.590792954446533
0.33433433433433435,159.91675013126994,67.81946443117666,77.9688144624017,10.548444087837515
0.3353353353353353,159.77125478893635,68.16062584236764,77.29725640715334,10.271972261349296
0.3363363363363363,158.88168229636022,66.34670020131813,77.36583684911676,10.031520456716898
0.33733733733733734,161.10508680194638,70.54468272112685,74.53453816854802,8.856494693085729
0.3383383383383383,160.9013264328119,68.24369580817265,74.88167177205366,8.504480338495974
0.33933933933933935,160.4225955309081,69.17709072722144,72.57811439400638,8.01863649510563
0.34034034034034033,163.24027655494788,72.41762639135717,72.74637224524383,8.247729376951762
0.34134134134134136,162.78072004956715,68.5617594558358,71.52825269335987,7.586512203608235
0.34234234234234234,160.19399098025062,67.74047042727244,70.80392407157518,7.42205471791107
0.3433433433433433,160.1909097751222,66.35768417094421,71.32624742180889,7.616343311090789
0.34434434434434436,158.59068373487915,68.13715296279133,72.3858529697336,7.5936910096370935
0.34534534534534533,162.0136760887466,71.01631498987915,71.32332143444337,7.250858319304551
0.34634634634634637,164.6142139287109,71.26953905350932,73.38573445599522,8.220617271221306
0.34734734734734735,166.40823777609194,74.74164346659947,75.5399008076346,8.971205582795996
0.3483483483483483,168.64724527382666,73.8675141777026,73.97456237311881,8.37059430741672
0.34934934934934936,169.7515751745845,78.05992717263052,74.1042625425711,8.307193439972773
0.35035035035035034,168.74768171265987,77.09569815070934,74.92385101474856,8.858645259942605
0.35135135135135137,164.7425759000322,69.27668559807968,76.51731136136989,10.177272167088613
0.35235235235235235,162.296573456248,66.71805481874019,79.56619476985882,10.284874270242446
0.3533533533533533,159.94088565339797,67.88427592939269,80.23385837127068,10.73018807736013
0.35435435435435436,161.13598768183036,70.1993389900669,82.42345390387571,11.695271305998403
0.35535535535535534,161.35979189435085,68.98067903202862,80.2242461348788,10.46622690606148
0.3563563563563564,160.63706473269494,66.4441333678173,81.40308175297422,11.760520851331666
0.35735735735735735,157.23313512781544,64.6912435630685,81.80960517868768,10.621829901263261
0.35835835835835833,155.3568815485255,64.28058704122668,81.14056895284689,11.4790086722055
0.35935935935935936,152.70427892160396,60.42636090217343,81.38529302223944,11.034828018420985
0.36036036036036034,152.73072148640597,64.70063514261608,81.98717236506214,11.99308055905207
0.3613613613613614,154.53617878091674,60.43331077512394,80.66159045653752,10.442507950410588
0.36236236236236236,160.3963541965337,70.61553040373495,81.13286636527032,11.30882072730694
0.36336336336336333,160.568752781337,68.23058780608692,80.52081856239195,11.229427332277618
0.36436436436436437,160.53252787357826,70.29429513308241,80.4411901703748,11.221536252234424
0.36536536536536535,159.5245375351796,67.09300002347827,80.5850417407817,10.943422523500255
0.3663663663663664,159.44968537956228,67.91771182622453,79.98233829783256,9.72996535980751
0.36736736736736736,157.46530741619227,65.2807025005519,80.05752823834375,10.798521522468393
0.3683683683683684,157.17115288284728,65.26660625749713,78.8273639537734,9.704702267900721
0.36936936936936937,152.2883393562367,62.741843379430236,77.69689616715846,9.834935754532527
0.37037037037037035,151.42505082017314,59.80732696466577,77.87413400646328,9.477653467310464
0.3713713713713714,149.53413783675342,58.568410620173005,80.35302150932431,10.929610679743865
0.37237237237237236,148.2847563480527,57.678430247401145,81.7992358978144,10.971279450820278
0.3733733733733734,146.84349767954052,56.310164825974105,83.43185967232918,11.63581613729497
0.3743743743743744,149.7227153537369,57.806655136756525,83.96430756877213,13.296425107333388
0.37537537537537535,151.19411094341092,59.330617209144265,84.95366603311393,12.687769377365214
0.3763763763763764,153.86740834230446,64.17086756434837,86.07019692226582,13.978506949687889
0.37737737737737737,156.58296630083208,65.04936156085718,86.81022113541513,13.71939257981757
0.3783783783783784,157.31319028236572,65.89712907957681,89.3622161691584,15.032147221198585
0.3793793793793794,153.6773594569443,61.83693627982446,89.7471847359041,16.20391024272944
0.38038038038038036,152.22836073664743,60.04016831206261,91.92949567126468,16.583221053854107
0.3813813813813814,153.6402551003276,63.58456546800944,90.82630493587149,15.619264326465384
0.38238238238238237,152.69633050850896,60.13016746965339,90.01263084551542,15.085913035650401
0.3833833833833834,151.38278384298906,62.55549736976434,88.43117123437018,13.997691655262173
0.3843843843843844,152.62579810813276,62.356677428225,87.94235547513259,14.753172921653384
0.38538538538538536,151.86468601308067,61.889653993627185,87.2454049850749,14.101007590057502
0.3863863863863864,152.03482717694138,61.719800062036235,86.94223638345599,14.145892204116532
0.38738738738738737,148.859787321292,58.50942565771715,85.5764938005032,12.771104066724117
0.3883883883883884,146.1274618281882,57.113020783717225,85.03921014462378,12.663559726532961
0.3893893893893894,145.70804260261218,57.245621591912524,82.3744106027938,11.501526488155028
0.39039039039039036,148.72585173982105,59.093471019958514,84.00158053570897,12.876653506673868
0.3913913913913914,149.54031315830875,59.50546888177729,84.27578580670806,12.25784557387401
0.3923923923923924,148.48766037029569,56.556536008383056,84.9135817833799,12.703490366984028
0.3933933933933934,150.33952546667254,58.63848853984375,87.37748810975614,13.220115181846971
0.3943943943943944,155.16542481921365,62.27956699237662,88.3803407342881,14.028512425925781
0.39539539539539537,151.42987132075416,58.75773689302014,87.73602347497842,13.522139033023528
0.3963963963963964,146.82956585134946,55.725768951949775,87.89053935379226,13.579742037504921
0.3973973973973974,148.11545696604873,57.81045230797244,85.16561998072396,13.478820219259099
0.3983983983983984,141.63778362826187,54.115293446430705,83.2494127490212,11.868317239215274
0.3993993993993994,144.14472985947438,53.26034759257717,82.90226475136338,11.882545960020487
0.40040040040040037,147.81667434729349,55.75255126901679,82.18481442279743,11.580117385460419
0.4014014014014014,146.62279270553833,56.34306275699916,83.9089793303921,12.311948153514427
0.4024024024024024,148.9021956756843,59.09424293579621,83.38033488506068,11.684547566906435
0.4034034034034034,149.5043778304037,59.39385544028809,84.1571682896743,11.779687332296453
0.4044044044044044,148.66826998973704,57.56078654477072,84.53743002959139,11.860283793066735
0.40540540540540543,150.96825631816813,60.893525932607965,85.88050670396326,12.762441049674013
0.4064064064064064,153.84557682969202,62.730062141048464,82.49335449417848,10.649826634162432
0.4074074074074074,153.17859004155792,60.70314328973264,83.67597223158138,12.21188588570197
0.4084084084084084,150.1265171248529,59.35560956986027,83.95709668739961,12.304766611197245
0.4094094094094094,149.86564823649178,56.13408338006006,85.80606577137463,12.283473693327972
0.41041041041041043,146.82859371198148,53.5278260059207,85.46490941889135,12.547978752120871
0.4114114114114114,146.85657318333395,53.029000500182356,83.65199746380219,11.32130138566006
0.4124124124124124,152.2489311667898,60.72634615580906,81.85326431566558,10.426114381447588
0.4134134134134134,153.85875305550502,62.601908230923755,80.75677591623639,10.484639373105987
0.4144144144144144,156.5454343525124,63.41632632092269,82.01438074635269,10.729990618561414
0.41541541541541543,158.01913359497433,65.22384621963263,79.84006275532238,9.799843985598137
0.4164164164164164,157.78984138566744,66.05571664073383,80.05509667072073,10.135398115775976
0.4174174174174174,156.13515817063734,63.40372566758652,82.569875278073,11.431643122460475
0.4184184184184184,158.8452708698098,65.9761967070007,81.70523861794726,10.728580812182136
0.4194194194194194,157.03986758526946,64.35088042074923,80.4713057384284,9.872110968517978
0.42042042042042044,157.8045896155254,63.503455845786355,79.59772927681848,9.600748392265253
0.4214214214214214,156.50551426310128,63.287782530675955,78.80524543973068,9.74111845259003
0.4224224224224224,157.88851946614113,64.20291041501669,77.89165479308599,9.027014389998415
0.42342342342342343,156.72324882138008,62.979875613028376,78.85592525780605,9.492257810056993
0.4244244244244244,155.80390509808032,65.62184260214438,77.3177806257631,8.509325846084884
0.42542542542542544,157.65730922303808,64.87914302323917,77.50931272644696,8.69539727468182
0.4264264264264264,155.52081988643235,62.56142187708839,77.42844425054795,8.910079621939348
0.4274274274274274,154.81637710345936,61.754123722696924,80.24966110369806,10.038949669400804
0.42842842842842843,159.14681955221556,63.762642675861755,84.48845468477316,11.354876140905866
0.4294294294294294,157.88972795275254,65.78570642992243,84.82934466526457,11.629110138050102
0.43043043043043044,160.39376538129633,69.0797221291041,83.15539693280768,11.394356127614568
0.4314314314314314,160.54256935640936,66.80974036286821,82.32537312109312,10.22625315394341
0.43243243243243246,160.7607861152728,68.39816290817625,83.42129205120085,10.809268874627763
0.43343343343343343,158.9845718423589,63.28659137339659,84.4987244510539,12.139827304181921
0.4344344344344344,159.62344575365444,65.55881528743885,83.19644319270765,10.897665758616366
0.43543543543543545,158.29220323179828,66.33614710753116,82.92923103363903,10.873289446201102
0.4364364364364364,158.484131965136,63.58925019030551,82.80049397285596,10.781282509701407
0.43743743743743746,155.8758790987426,63.33668312351571,82.27232326522687,10.851125953110117
0.43843843843843844,156.40634299758722,62.53068403933341,82.38109960312386,10.20592006645006
0.4394394394394394,157.50454208933883,64.38543080760135,84.08630502988184,11.98865245693074
0.44044044044044045,154.3592506481187,61.762178897601295,86.84667250592176,13.193103412253588
0.44144144144144143,155.7479887270454,61.74341994130289,83.3840047515473,10.542243958597354
0.44244244244244246,152.84546296256195,59.686752677077706,83.58196168524513,10.97147945366133
0.44344344344344344,149.32636666691263,56.536881001580376,84.71788463402167,11.573637910044184
0.4444444444444444,148.69896140026196,55.337254287351286,84.78578369719655,11.036411083244019
0.44544544544544545,148.90074368137854,56.35101459668127,83.70761104514652,10.695780427870298
0.44644644644644643,147.51033043592804,54.446959550749376,86.20951673152756,11.73635180470543
0.44744744744744747,147.87020291885304,53.76518791458749,86.7640801470483,13.232221630374887
0.44844844844844844,148.0258575689454,54.6701587150434,86.89496729591207,12.09665925839268
0.4494494494494494,149.22199620350494,58.500313494194074,86.75997284821264,11.88790331131068
0.45045045045045046,144.9666553181719,53.61996601084707,88.36881147101762,13.442285784232444
0.45145145145145144,147.54398037575345,53.05045344805435,89.16835888782083,14.108104580543213
0.45245245245245247,146.85161004431328,55.09923662522648,89.59605619645443,14.02845865538792
0.45345345345345345,145.9640832792663,54.56664208634962,90.53069087842154,13.798470317278296
0.4544544544544544,144.49862304700173,54.42797037414199,92.07247150377201,15.139590247759045
0.45545545545545546,144.49709079813928,51.87575734714489,88.76094366240386,14.092766016364422
0.45645645645645644,149.65925598252042,58.99070978469943,88.01041773697021,13.00428096000094
0.4574574574574575,150.29328491928794,57.918724986555084,91.1988908363766,14.207889079389641
0.45845845845845845,144.1905799041136,51.72890903436097,93.60117210130163,16.062185135907182
0.45945945945945943,144.2107566406303,51.90152390489329,94.65416693714046,16.12080257094375
0.46046046046046046,145.2224638440258,52.85290166591264,95.76047608564967,17.002032878608123
0.46146146146146144,146.56122200025456,54.058649354458225,95.487706984476,17.382872262636383
0.4624624624624625,147.67895766540482,55.90742506368419,94.40877461973564,16.618197919987463
0.46346346346346345,146.13159127435193,53.66059385225782,95.1955459713034,16.320235041309196
0.46446446446446443,148.3366531566549,57.37326418921484,95.78771195828064,17.47488806747418
0.46546546546546547,147.8575242427639,56.951615208819014,95.25317545348837,17.39797421742742
0.46646646646646645,147.96838067226662,57.53633927561337,97.9478637445219,17.959107725825813
0.4674674674674675,147.90408442301575,54.68925580636553,97.06474991596436,17.195164893800495
0.46846846846846846,145.80377489449893,53.95825710350399,97.13678618319986,18.189254597511468
0.4694694694694695,147.27586444974636,55.724508047269744,95.69962214429731,17.677508631090888
0.47047047047047047,147.22595671841012,56.65047615343524,93.26520778765656,15.623735676730309
0.47147147147147145,145.7381916857982,54.13247218070641,94.13200755474202,15.721649006828656
0.4724724724724725,146.0095285558398,54.2188153888463,95.34936698889283,17.081523833751323
0.47347347347347346,145.66274349741434,51.43770385764521,92.3612493080701,14.668719502087853
0.4744744744744745,147.8078251827016,55.90736904024927,93.5312752409977,15.498592143852306
0.4754754754754755,149.90413727763536,58.00274703302301,91.16004319232673,14.07812980756568
0.47647647647647645,146.5242556741745,52.798446989860594,92.37592223656728,14.843243086386428
0.4774774774774775,147.59889770651316,54.05596200107356,123.8465734299749,36.12712641949114
0.47847847847847846,146.03314862644464,53.54363721890829,126.93682428705793,36.762499442433054
0.4794794794794795,151.67917935284248,56.8975267993333,129.74073798640526,39.74192917688388
0.4804804804804805,155.51244025933383,62.0953952262516,128.78094846060952,38.03740392329475
0.48148148148148145,212.9585085509418,111.71561773950657,128.7155115530057,39.575553681389636
0.4824824824824825,212.57520991716947,113.14683722692182,130.3581530631103,40.42773461119737
0.48348348348348347,213.1235699430857,113.2312536648606,132.30962440763238,41.21547330777051
0.4844844844844845,209.72006321885627,112.28529035559913,134.3816106822315,44.570442650586415
0.4854854854854855,210.5026377107995,113.22205173983721,134.86832521265532,44.79255770955121
0.48648648648648646,212.74283249652717,114.70772326589763,134.06135998064053,43.97609851428642
0.4874874874874875,215.2895286462083,121.44145151680634,132.9994223994174,41.495744478639295
0.48848848848848847,213.96084163406402,118.8961143377056,134.45202505478494,44.5759513973402
0.4894894894894895,213.53085298964345,115.31799838345749,133.41689275968469,41.531832558513614
0.4904904904904905,208.17872346661107,110.96185949236701,132.87363099694988,41.89090198578931
0.49149149149149146,208.49665987233877,112.83530621028989,131.78099116494633,42.20416853696738
0.4924924924924925,206.61375158469914,107.0921491242146,131.42589405107861,40.11190367064988
0.4934934934934935,212.09514867016685,114.87468543935154,127.60527970400375,39.12870193779587
0.4944944944944945,214.00858544183188,118.10736094199426,127.07561733244886,37.82361910829869
0.4954954954954955,223.0132005553813,123.86759025102899,124.7373935032023,35.74562115893909
0.4964964964964965,226.33367214943257,125.23180643154413,125.93897964527399,36.88482911879873
0.4974974974974975,220.98747792999617,122.5618167736571,126.55101242042765,37.61313157842613
0.4984984984984985,228.46976953947438,129.47884387431625,124.01398671609073,35.48325085508668
0.4994994994994995,236.44702489665417,137.7508722818295,124.3731755359422,35.212647878431405
0.5005005005005005,237.38447237847515,140.96797469485887,125.01269731423503,37.1228641020325
0.5015015015015015,234.0149928089014,132.0818241482265,125.71496048038439,36.89777810922829
0.5025025025025025,236.2467180139284,141.9674350673847,126.30450891803508,39.50064959469414
0.5035035035035035,245.14706378106746,146.717675631751,123.48701064463647,34.95290093368064
0.5045045045045045,249.96068300211235,151.69166797115088,127.22474978210029,39.03331562212866
0.5055055055055055,249.96549242624266,151.51540614246787,126.08730070429765,36.87963619129644
0.5065065065065065,256.3218944547785,161.2514485613776,127.30281141418494,38.519740357521925
0.5075075075075075,259.1581203952553,163.4578605783372,127.21108488691696,37.57814149127585
0.5085085085085085,260.90042846683025,164.4219873046945,125.83878486418563,36.39345729008501
0.5095095095095095,264.4550334577353,166.6569615113956,128.05370874513721,38.69045815488372
0.5105105105105106,261.5068759389687,166.25300553199872,129.11891452885115,39.16760910845019
0.5115115115115115,262.8588193287862,164.97393257380813,130.09729918871025,39.612588073497825
0.5125125125125125,263.4258261094057,166.45999417594052,131.415548730237,39.708865791650716
0.5135135135135135,269.88627666258674,170.28206624219393,130.7674626624941,39.16307389499379
0.5145145145145145,269.8141769073831,169.75069461477642,127.3692464244922,38.386254768054116
0.5155155155155156,265.6417113170638,167.60633811200293,126.60759613996858,35.90516786937937
0.5165165165165165,268.09353351540204,166.5248283239361,127.91140767197261,38.81958878195395
0.5175175175175175,260.1285388532373,164.06880447362272,132.3552449103748,42.09994900860098
0.5185185185185185,262.6400206753222,163.64121856967907,134.58819114359972,44.26047305667769
0.5195195195195195,257.01420300789505,158.71969999895617,136.36659329531653,45.21737300009307
0.5205205205205206,254.0267554593141,158.7557624885698,138.33781239075847,47.452515068977206
0.5215215215215215,254.60108344207356,155.8050889159387,134.59000296893606,45.41744144640019
0.5225225225225225,258.6383711020139,163.28060002552124,136.18237173588653,46.64444604355322
0.5235235235235235,259.78015608777787,159.31431336370838,140.22060705174215,48.26270572809107
0.5245245245245245,259.3417924239082,161.67222112806436,140.88521511028472,49.407591040679776
0.5255255255255256,266.5804310771766,165.49655297612708,138.14323591636955,48.76644732818394
0.5265265265265265,266.22022636233174,165.54646193814818,134.7307750298226,43.23266959955993
0.5275275275275275,258.1069966649354,161.27925126127053,133.60343647844581,42.51389095430073
0.5285285285285285,259.2438197309005,157.6563322752707,136.42402889225647,44.98999476797712
0.5295295295295295,253.43533925014393,153.8213823994703,134.68632470378512,41.99214256042931
0.5305305305305306,253.67306116203602,156.37811220694505,138.89023422821322,46.53052519068651
0.5315315315315315,261.53520411140937,160.49832586341935,138.09198456396737,46.2187475953024
0.5325325325325325,254.46092602297762,158.4651643451255,137.03169696694366,44.800249201967105
0.5335335335335335,260.4854341065931,162.77879277023834,136.07904748686866,44.17873451138022
0.5345345345345345,261.5376209836714,164.5276321258126,140.16745729928638,48.45113643682879
0.5355355355355356,262.22354481119726,162.22028480748156,142.96545334734103,50.36975518191486
0.5365365365365365,262.7866284146175,167.82538294205392,141.1982598677769,48.687643304608926
0.5375375375375375,266.896638262575,169.12665475365372,141.34980735786158,48.6290170915953
0.5385385385385385,268.88735866895627,172.25989796688188,142.89652326230248,51.79072103489559
0.5395395395395395,264.7009135272446,170.49141524007013,140.7707296980904,47.38576249520006
0.5405405405405406,264.02516561718465,165.85770206972342,141.71087192306754,48.41700388590454
0.5415415415415415,260.6951707011268,160.24204807522185,140.97424579355516,48.19142759081602
0.5425425425425425,264.37804085391514,165.49580463774905,142.00210778207605,51.06318853722163
0.5435435435435435,265.80206414616856,168.63164303800866,140.6370532519015,47.34413148746596
0.5445445445445445,266.796678392204,170.94227519061127,143.54116506185156,52.50729503374158
0.5455455455455456,271.4632529358507,175.26247973827282,145.50936022513662,52.97339516749158
0.5465465465465466,273.26513381413224,172.44758066832253,148.17058499055716,53.76073054100021
0.5475475475475475,272.51085592945304,173.862508236513,149.69720365941356,57.488985122648906
0.5485485485485485,272.445626283125,171.55593347967556,153.89149395442004,58.90435395786589
0.5495495495495496,279.39494236988594,184.27136335838645,155.69721791467475,59.50326508747282
0.5505505505505506,290.4830422813047,193.59057109253303,153.4243967911807,59.40243382620549
0.5515515515515516,283.1804294058008,180.49066671979307,151.9141476680492,56.47933049262339
0.5525525525525525,281.1217510601482,183.42352603585414,151.7608851240622,58.97968437460141
0.5535535535535535,284.94758731576576,186.8752938773814,155.5273566494734,60.40133967295362
0.5545545545545546,286.3545159125638,184.07164692735603,157.54202270907643,61.71471205549562
0.5555555555555556,282.60488249449594,186.60556788970155,156.97182342990877,61.826940638264205
0.5565565565565566,282.5323124364959,184.8481377524643,156.25072757476462,61.18059517819363
0.5575575575575575,281.57184932956176,182.728477884696,157.27969221029701,63.38557403675654
0.5585585585585585,277.34165517182026,183.43145109429116,158.66612280534991,63.498678058181184
0.5595595595595596,274.06868005388236,175.38385231035934,154.79670850149145,60.899927652484536
0.5605605605605606,271.0952195856042,174.36998507628041,150.24549026493065,57.142973011885424
0.5615615615615616,271.74961686301583,172.0316627709224,149.28431663768,55.8954505439299
0.5625625625625625,278.39859145843525,180.63550375631266,148.69453965651354,54.68500946639633
0.5635635635635635,279.78141002093594,177.4119667155446,157.93314092666907,61.701023142058006
0.5645645645645646,284.2179032719764,184.45263593406264,160.27243569741657,66.0217767164178
0.5655655655655656,287.1994664201467,190.41801912233313,157.28234810593042,62.74537104194467
0.5665665665665666,282.7190564185522,184.37943548978913,153.8659184234616,56.35203885617565
0.5675675675675675,277.2763136425304,174.73518019171658,154.0378691615998,57.5078798303179
0.5685685685685685,277.2965776239169,175.77503447271712,157.69356435467554,64.44390512740954
0.5695695695695696,273.84840092735016,174.58936895582045,155.27658394338602,59.06652612219655
0.5705705705705706,274.1381211181735,175.73193245643836,154.555099630593,57.977508045236675
0.5715715715715716,272.89077420660004,173.51989145686986,156.35123431487642,59.27019725948351
0.5725725725725725,270.01112692536583,168.16047577860206,157.33107896253637,62.701711778275374
0.5735735735735735,268.44304375444585,170.4118788823769,154.79554700986915,61.01021612423834
0.5745745745745746,267.05178649638793,169.33927436938546,157.81150243571366,62.92140500886412
0.5755755755755756,273.6322176646911,175.37745807746754,158.28024094222795,62.428519781831696
0.5765765765765766,269.6589343086159,171.5028795093975,163.01101465520748,67.92441714135764
0.5775775775775776,270.3365820802435,172.94078691616215,164.4757546529974,66.65583199521927
0.5785785785785785,272.11128656325496,174.66412863853188,158.91224340562187,63.21104208828337
0.5795795795795796,271.0704708210969,173.05038213498185,155.4424299691611,61.84093646717768
0.5805805805805806,270.3271331022965,169.43745276810034,158.64348375460204,61.95218613934321
0.5815815815815816,268.1090398492898,169.57292925996134,157.70731179033123,61.811885070788435
0.5825825825825826,272.1037761186947,170.16418500904868,152.6775309554888,56.197606813275975
0.5835835835835835,275.24932766103115,176.6698331587625,154.75397146220067,58.64243388359074
0.5845845845845846,287.63970986440967,189.27755704463394,153.72368781411893,58.00347854608206
0.5855855855855856,292.96259150890916,193.81052846695908,149.85161422065855,55.91701046752719
0.5865865865865866,296.4007376825642,195.54841694799492,150.73676396965033,56.15176561513032
0.5875875875875876,295.1457310547308,195.32879735706015,152.35332186713657,56.0393347570602
0.5885885885885885,298.5636023924291,199.6880105185732,151.51199400864283,56.575110086597334
0.5895895895895896,300.992142479695,205.46274270730308,154.659688019124,60.348059182085386
0.5905905905905906,302.7499603371554,208.3773101804897,156.92601681730247,61.169368871835196
0.5915915915915916,299.08495044614534,199.04811138101815,154.48727290919584,58.96121078324195
0.5925925925925926,305.280357125497,210.34955605875507,153.38392866183062,57.80791627148278
0.5935935935935935,308.79416018704836,208.72445935695876,151.50732996594604,55.6996661472924
0.5945945945945946,309.77122873294155,207.69573171722226,150.12213838498818,56.09738010699327
0.5955955955955956,304.2817213809887,207.33859409319632,149.17915724890673,54.37720150146714
0.5965965965965966,300.99364976449624,204.6561778088681,147.79225562700478,54.06201411444827
0.5975975975975976,310.29192135827265,214.04348238630732,150.7041697009268,56.93351771171651
0.5985985985985985,315.70011437342686,213.47032135602814,151.7732810254614,56.699252651341034
0.5995995995995996,316.4996617588952,217.12979230494673,154.32298279321972,61.66041953041932
0.6006006006006006,318.9848729629526,212.80265184014874,154.8435608275762,58.69818060431406
0.6016016016016016,313.8623141139515,213.15548832158038,150.98518783363184,57.19033038771052
0.6026026026026026,320.8100669590142,218.8724995530453,152.8822728831892,59.97631866945812
0.6036036036036035,331.6416406908344,234.03192721358204,150.98034512172282,57.01638919722368
0.6046046046046046,334.26269902589445,237.22120264958116,150.03678030067954,54.769516382683406
0.6056056056056056,333.57637253767786,233.16835679603045,149.45500576817983,55.99158370853626
0.6066066066066066,343.3443190391017,242.72119342618512,148.7528789578265,52.604320410963936
0.6076076076076076,348.8871148954796,245.00587424921912,146.2281556319024,51.30583182230233
0.6086086086086087,350.64328557478365,252.3885143863946,144.69279465538636,50.58684295598792
0.6096096096096096,346.61325455573524,250.4971018327846,144.85137556442976,51.69979837013278
0.6106106106106106,356.3134095401789,255.52596285620783,142.60453670155098,49.54978026642649
0.6116116116116116,363.510740377384,260.86811022325924,144.3063345134357,50.16559591108589
0.6126126126126126,367.30986600944163,268.2392989882909,144.2124783218156,49.23835478628965
0.6136136136136137,381.00991718998347,282.14245703557185,146.54644034200462,51.97477877861441
0.6146146146146146,369.25636991182114,272.2245305743014,145.39420891367706,49.681498336336325
0.6156156156156156,362.2100796431161,261.6102336991297,142.4480582205848,48.44455491289797
0.6166166166166166,363.08394330198297,261.77548678140386,142.00967494164755,47.60580768701139
0.6176176176176176,367.87782927332637,267.5257230695596,143.91557632214915,49.76956328027285
0.6186186186186187,370.11453735165253,274.2495371624534,143.16147324209035,51.066393984845384
0.6196196196196196,367.0608538081454,264.45920885439995,144.1879785862441,49.972814672581414
0.6206206206206206,365.39247048895555,273.66263680484656,148.87370598607822,53.006896141336895
0.6216216216216216,368.2130879091701,263.20915527567644,145.70763574096623,50.943796888271244
0.6226226226226226,373.4956579068993,274.67152504997114,144.57039774496224,50.736689516643544
0.6236236236236237,368.7982649675827,273.85630678191893,143.7979465275171,50.461885060174716
0.6246246246246246,375.3548577856339,278.2245909322056,145.16284402724824,49.401776449644935
0.6256256256256256,368.7021091299533,266.657802818037,146.50717695520015,50.60115786467869
0.6266266266266266,378.6076518832224,277.2795826733382,145.39230949400783,50.85479265772221
0.6276276276276276,377.52609098702123,283.0284655640183,147.0663713566787,52.12737559178318
0.6286286286286287,375.46898480202185,278.8982601300715,144.65529398536202,50.754657131234254
0.6296296296296297,375.2847485614448,269.6849647534197,143.72572397008977,49.277402466392644
0.6306306306306306,377.2738522743827,272.12417355530494,148.65133848150984,54.469884580484596
0.6316316316316316,372.4463682555459,276.07744811214104,147.82867931159402,53.42873291574015
0.6326326326326326,377.22879501621384,276.1598057870151,150.62076372457602,54.660650676294225
0.6336336336336337,381.6645386054847,281.75052047009865,148.85682462122824,53.56989971295181
0.6346346346346347,390.38474121346394,292.9991056699706,146.1622801599702,52.65109323811416
0.6356356356356356,390.8036364533238,291.61388837707227,143.96276226833297,49.7363879201874
0.6366366366366366,393.6083874342776,294.93432126361625,144.54247580043403,51.55916098668536
0.6376376376376376,401.6208585219889,305.75148619454023,172.06367948517615,74.5401998704343
0.6386386386386387,410.3849900380815,310.363804925866,171.15791152279238,73.15343664686735
0.6396396396396397,400.373855093725,306.26729099869635,166.69973328626648,69.09096425605594
0.6406406406406406,393.5043107922719,289.28558537935345,167.7266786900384,69.65638840618854
0.6416416416416416,398.40443018984683,300.8031051861597,166.02207381846975,67.77949838920968
0.6426426426426426,394.44561440116496,292.15966703069074,166.22031037638553,70.46909217965997
0.6436436436436437,399.18799293195195,299.94930393836466,164.77874593272338,67.67084761216346
0.6446446446446447,409.5450879409,313.60225681558995,163.34046397775586,65.41093361251359
0.6456456456456456,398.62285313680513,292.29425933570366,163.82379900048176,67.8844231331939
0.6466466466466466,403.9845815204945,303.95781296604315,163.5018743168961,64.97790305491075
0.6476476476476476,408.27968237568973,310.9073355291007,166.0317252115682,68.38669025726631
0.6486486486486487,406.95820057019563,310.84272821697687,161.6254987433811,64.1833368585864
0.6496496496496497,392.22781847063067,289.7486569518892,162.93529381908218,67.2581538803873
0.6506506506506506,401.955982140478,302.16380784061994,163.511669388755,65.73060018438024
0.6516516516516516,398.6748313498634,297.9718874696888,160.65333107160234,63.78488623638862
0.6526526526526526,402.202707679875,297.0793746430659,161.4655652564827,63.02310688985423
0.6536536536536537,409.6191337533018,316.8478579703721,161.30414451583061,66.4912165259475
0.6546546546546547,408.4771554704182,308.7224525367677,160.16610162798523,62.54274719837089
0.6556556556556556,406.6316097786815,310.1186479785067,163.45133407035595,68.71469551167564
0.6566566566566566,410.54792338618654,308.95712992087266,167.51623700450085,70.23908402488578
0.6576576576576576,407.4053433390683,307.96318487206105,163.97821210778326,66.08705035886804
0.6586586586586587,398.03820861482296,303.54182554093927,165.6286384288882,68.9371414614534
0.6596596596596597,393.7467523602621,291.5678186041563,165.01338143767308,68.06459465994017
0.6606606606606606,404.36964110416983,309.14039292405437,161.4934849267344,65.47260358754846
0.6616616616616616,402.1083986812314,301.6640177937305,162.5145696748025,66.0757632761402
0.6626626626626626,392.7406707094394,294.99678221770495,161.3369354905951,63.46665167494032
0.6636636636636637,385.26156104848343,290.5528075037893,158.98050808372918,62.11824720664169
0.6646646646646647,384.7372640029018,289.5502458255256,160.42803935362565,63.531342371884605
0.6656656656656657,386.21160304532464,284.882563096858,163.81798326828624,63.84297890389433
0.6666666666666666,380.77707157099,279.99017341293643,161.1830372378873,65.35875032640772
0.6676676676676676,386.2343102116726,287.15087386535424,158.7525961892396,61.67161909144741
0.6686686686686687,376.7991994189537,272.51470271036135,159.5005107601625,62.422547699990915
0.6696696696696697,375.29581403035615,274.4775488467017,157.57431795296804,61.47980802543262
0.6706706706706707,373.9724339588189,274.0630813377534,159.84363831552332,62.094415803506784
0.6716716716716716,376.28773037415084,276.74289860060543,161.33384704585467,63.42273843233887
0.6726726726726726,383.2675790241318,274.8682972596698,164.2585096913177,68.32139656029419
0.6736736736736737,388.9127288446142,288.93538749325205,165.06354664028194,67.95966729673103
0.6746746746746747,393.7927457698256,294.92671883004544,163.58535137200434,65.93900322778461
0.6756756756756757,406.11721184059815,304.8598162243029,165.163123115249,69.64284887250858
0.6766766766766766,400.229196031505,302.84550079622306,164.09727535833375,68.39837601503262
0.6776776776776777,392.1881110807853,294.77267139267036,161.90098264407004,66.66623226322879
0.6786786786786787,392.00384854719056,290.89680445306607,160.74580567713406,65.29515365713671
0.6796796796796797,395.69306327200604,297.53482847540596,163.29167922085247,65.47783377426735
0.6806806806806807,397.64294284981787,304.9200087753577,163.32727332756596,67.99875936489937
0.6816816816816816,402.50379377557783,308.47926458847473,161.5325404823137,65.38910897784609
0.6826826826826827,414.5328583697144,316.4081772095378,160.62089062419065,64.15764787769336
0.6836836836836837,421.3962242523131,324.566092710613,161.29711415915844,62.485550107760375
0.6846846846846847,425.25648795963804,324.489074254572,158.74700593097384,62.11090525348824
0.6856856856856857,427.27495487353934,332.21099473965,158.6261272099255,62.498377743044436
0.6866866866866866,430.2949216206875,332.2586480800442,163.02727757157155,66.18930260696872
0.6876876876876877,436.26656958262777,340.7710174637134,166.91365715991205,72.01921310865988
0.6886886886886887,432.1987340247537,323.00395839015965,164.83385427795542,67.44953065175164
0.6896896896896897,434.67124938067246,331.8553561430206,165.77053391094432,69.12443927841582
0.6906906906906907,426.0205556572996,325.3518864893955,166.96113223694567,68.92150916962656
0.6916916916916916,425.6465815035209,326.35432554048344,166.82888944392576,69.18434126570604
0.6926926926926927,421.60304063554355,323.1035253285389,169.83849419436703,71.16237358574605
0.6936936936936937,420.384458969156,319.97348735649166,172.38070229574944,74.5217815300724
0.6946946946946947,430.3232949745215,335.68895640006326,168.19598888584702,68.91392892693389
0.6956956956956957,434.0131583080252,330.16032335257563,171.28771138026923,74.85715244837513
0.6966966966966966,438.4978038525008,342.81231971577307,168.96588435890618,70.88827634230934
0.6976976976976977,440.479297340104,340.6015272182377,167.94757039776707,72.3106006091888
0.6986986986986987,459.4545516900538,353.4745229196573,167.19283458635454,71.5601482977078
0.6996996996996997,469.2441997258004,377.31164621286746,168.36085365180267,70.34962198890486
0.7007007007007007,464.9031195620543,361.8401733662357,165.89879190466914,69.12500453255824
0.7017017017017017,467.5367424582367,371.26581383715313,166.41132865671585,69.26433317263908
0.7027027027027027,482.2269941705513,380.77274597670197,167.43841318575227,69.41924815854456
0.7037037037037037,501.59326539650885,405.46870848732493,166.55900831681947,68.0771169095836
0.7047047047047047,498.8825720092854,396.9085747212837,166.93506215918504,66.96075078989908
0.7057057057057057,497.4119646107428,399.7218193408343,169.4875704709515,72.45081636556051
0.7067067067067067,495.92940487757886,402.9737674913101,170.45435109072594,73.21896659312002
0.7077077077077077,491.7718980214052,389.96725755932357,169.60850794272852,72.94345746561007
0.7087087087087087,491.8325617672944,393.37728492909713,167.46971477203618,69.79603432034942
0.7097097097097097,497.7621888957537,399.05351759652774,165.61416090980998,67.84052006343329
0.7107107107107107,488.7289844491315,391.6802449159857,167.3954289607976,67.55907572619672
0.7117117117117117,496.9811947194143,396.074863969188,170.20894496787923,72.26516780594825
0.7127127127127127,500.0188815577795,402.7975668167689,172.4450331857409,74.25071758866973
0.7137137137137137,495.39570466485856,393.24349062177293,173.14043547702946,75.15180565017133
0.7147147147147147,482.75375653718595,387.28713416953923,173.87830626081683,73.97870394333734
0.7157157157157157,469.5362980633207,372.7420989867144,173.35038110437236,74.73053641164451
0.7167167167167167,468.3420679056828,373.04707147643825,171.30860960054184,73.69406185209478
0.7177177177177178,461.5831253586849,359.71484261240573,172.2966159732679,73.56856867556743
0.7187187187187187,462.1403182485056,367.3906462212339,175.07421905724163,75.29594684029709
0.7197197197197197,463.5945001445232,374.87557134534944,177.0842994473628,80.48764435884695
0.7207207207207207,464.2362773650995,365.6910460900254,176.98681807504863,80.27072395153886
0.7217217217217217,456.8348538272896,360.20295391873776,177.28733042083937,77.90629987285865
0.7227227227227228,450.17607583654467,350.50139672460193,180.24366309677302,79.52166935856583
0.7237237237237237,444.0305845527022,343.3652100536465,183.12462313667808,84.87008723939746
0.7247247247247247,436.95659553124756,339.9688955133309,187.93902113393128,87.25247625768256
0.7257257257257257,431.8429451730324,334.39136759667804,190.61565265060585,90.91600062171584
0.7267267267267267,431.5810114089537,326.9783881221891,189.49251295521216,94.46515220028485
0.7277277277277278,427.07136574676315,327.22739758188095,188.8604477560978,88.9800972711535
0.7287287287287287,420.5781886811082,324.07749961385406,194.64852389000384,95.49461684972749
0.7297297297297297,419.3638560753123,321.9849781949307,193.39732119709817,92.51978520540075
0.7307307307307307,415.5858116115549,321.8306382620135,192.33357034790077,91.53590633496938
0.7317317317317317,416.90684618336553,316.9005693323677,194.93699880300775,96.96356934337943
0.7327327327327328,420.9302445842415,319.4885919644867,201.60686703977564,103.10394756286432
0.7337337337337337,419.7900126735134,320.8199125020891,206.79062668680717,109.25509321596755
0.7347347347347347,414.7121404999469,309.65112281751817,211.02165911072132,112.6906806887716
0.7357357357357357,418.37785711681533,319.18479462569877,206.24091277168168,104.57378593865553
0.7367367367367368,406.58530771634724,306.35360997827735,209.69976362505764,112.6616702933435
0.7377377377377378,402.7706664673667,301.81018030944483,203.739742005431,106.66564274526823
0.7387387387387387,396.81892594229635,299.720955044526,195.12220598745276,96.48340962197878
0.7397397397397397,404.6969304435896,310.75769072809993,196.99303705749574,97.21028633312908
0.7407407407407407,407.19809895232703,306.7878384478854,195.17684785973313,96.08205304583164
0.7417417417417418,405.5190736875841,308.4384904580286,195.72062867028586,95.21895049659719
0.7427427427427428,404.2987497079542,307.18265798003966,200.40403708813076,103.5076074551348
0.7437437437437437,405.4985425748547,300.1458809929365,202.4199333731732,104.67443896904322
0.7447447447447447,405.49502742351837,306.2310463751224,204.51444657347457,103.13954014634808
0.7457457457457457,407.4844409693377,305.03555775914333,211.21108219713972,114.11337701970248
0.7467467467467468,412.2561656269653,311.2461930991548,223.04562804355953,120.9975453017279
0.7477477477477478,414.74004034086767,314.55015601151683,221.15238520195234,123.02263909202527
0.7487487487487487,409.60028583884883,311.7770425152845,228.09463719708936,129.2332770142063
0.7497497497497497,407.3219504509376,307.14125067826194,226.5104568342573,126.9958545926655
0.7507507507507507,417.82494304106547,316.4777722996456,222.3218361811407,124.63753865258047
0.7517517517517518,409.1393470318781,309.98806136588064,222.8817035246747,123.77207679733485
0.7527527527527528,404.17683591253507,308.57626464904354,226.88063111609588,125.41458357287
0.7537537537537538,411.4229200121328,318.5845732510164,228.26767833501586,128.2237653464743
0.7547547547547547,402.79147253164444,304.0847030746469,227.85164500351377,127.4863934963956
0.7557557557557557,416.0056604168468,312.6870637984298,233.1041088257634,133.16451815805232
0.7567567567567568,427.4135696368714,328.5242790291778,232.02976292526668,134.46650653152446
0.7577577577577578,427.11370090971,323.45234441209425,227.94213149406897,129.64377736863878
0.7587587587587588,429.00314786904147,330.25535498348734,226.1693473344523,124.0017874813276
0.7597597597597597,433.0027931439052,335.63154911045973,220.35570747346802,116.50375060880705
0.7607607607607607,428.94921003736675,325.13632175429984,218.81811901209457,119.53867907455225
0.7617617617617618,438.3227911962206,337.00395011039285,219.8733368586339,122.45391982116287
0.7627627627627628,451.93840251457834,354.47818068451375,218.71987714702942,121.4301025151739
0.7637637637637638,450.52584193803386,350.9861121605031,209.09649328934262,107.00530224758694
0.7647647647647647,453.24214006365736,355.0692156581652,203.01372285367975,101.84165819520159
0.7657657657657657,450.35718188196336,356.5112531794881,204.01730685409282,106.16716958424884
0.7667667667667668,461.6022217016024,367.7489690964118,199.78159944902137,101.17795576958724
0.7677677677677678,451.1621962676954,346.5449039967584,196.24181967952666,100.12602124285152
0.7687687687687688,446.12394983670276,350.5066596811803,194.4529771999305,94.88079032552723
0.7697697697697697,447.7630783534409,348.903797057188,193.35728578447652,94.295924062614
0.7707707707707707,444.94968130089217,339.0813067247073,190.85680133949987,93.65816228667538
0.7717717717717718,442.29642791910294,345.29325506747847,195.02067318878812,94.57929331378472
0.7727727727727728,423.3824279800367,324.9454873479344,195.43260446802276,96.25744430879355
0.7737737737737738,424.3117856453497,325.70865428486485,194.77406761581676,97.74611355837712
0.7747747747747747,422.14535445313356,323.2399027131024,192.4528965633308,92.9276199901213
0.7757757757757757,421.66809159794667,326.7707900290058,198.83140809720496,98.82299107452553
0.7767767767767768,415.2204988963654,315.78276251857415,199.6402520423739,101.23452715498931
0.7777777777777778,407.70196206936663,307.9940405399072,196.7437184942635,95.81935352490379
0.7787787787787788,404.38128179764334,304.6541869835706,198.40381281206567,100.65447689197642
0.7797797797797797,410.26620184984193,308.50657027959085,193.7320837173976,92.52662097347847
0.7807807807807807,400.9030918303301,298.9500419107036,201.04633445347875,101.04263320546282
0.7817817817817818,391.6883181976433,291.5176659149362,197.28386680496084,96.06895960956251
0.7827827827827828,386.0236145732449,284.86698197692743,199.5702752780265,99.94431643147105
0.7837837837837838,394.67728803893294,296.0807500972118,197.03167126243451,96.78339694535069
0.7847847847847848,397.90867666865233,301.3068340995892,197.0075214890007,97.63173084547242
0.7857857857857857,396.6194049774337,297.7903466511731,191.6306552326392,91.24483755617517
0.7867867867867868,389.2089874737909,288.39778299600573,194.88412828794267,94.67918883353954
0.7877877877877878,387.7211611887095,288.4211439615114,191.75756804059495,91.09350392855632
0.7887887887887888,389.6372590824842,291.1813886963924,188.03207449389024,88.67140425374306
0.7897897897897898,384.38773700527764,287.79734673665496,183.63272657411525,85.20132451177733
0.7907907907907907,393.9159109182734,296.1787902603002,188.56590622317208,89.51712618569393
0.7917917917917918,396.04632433441793,297.64430258393116,192.55278284812192,92.08341649944052
0.7927927927927928,400.4974011674467,295.27068026342886,196.61118315300735,96.75055991144741
0.7937937937937938,408.39617758495456,306.95902328321273,196.47318747421346,97.37647083576647
0.7947947947947948,411.2454858222011,316.4162659355756,198.55727157970964,98.32197762987539
0.7957957957957957,404.8594579385612,307.0937469189703,199.59585102804647,99.68427860096925
0.7967967967967968,401.8187457639716,305.0556999293997,198.03443196363577,100.75686071943161
0.7977977977977978,392.71507310583337,293.7639402260496,199.22720775016217,100.30486214722485
0.7987987987987988,387.8234624614085,287.75220175811774,200.25551803953078,100.57141996125975
0.7997997997997998,386.276769239158,287.61427643248487,198.49901553596848,97.6789132896572
0.8008008008008007,383.08989456354334,283.1512412116268,201.86333734152402,103.18818229771838
0.8018018018018018,385.803711982793,286.197080895668,200.07090977209998,100.08480267302437
0.8028028028028028,383.1157152525273,281.1825122600998,201.58720025874638,102.64882800250751
0.8038038038038038,384.1130851959126,289.0534841215171,207.17140842714005,106.69563116157747
0.8048048048048048,380.5923151572891,280.65463835923083,207.2451239747328,107.60750263408093
0.8058058058058059,371.03347164145777,270.812610667064,205.7648148865789,105.39143091508397
0.8068068068068068,368.30716700736036,269.34998895860025,201.46575763270076,101.71476302442049
0.8078078078078078,373.0790808304563,272.17434515974253,200.25702993941985,102.15846469407275
0.8088088088088088,374.49811652086333,280.4295706005262,202.60295090237082,101.94570094431066
0.8098098098098098,364.1512558282635,264.6569549434135,206.4045110366674,109.30291439938782
0.8108108108108109,377.8948863330747,277.603782205788,206.21913245092003,107.13446427261566
0.8118118118118118,366.80698673242745,268.2166997393613,203.533187600276,104.35572759279404
0.8128128128128128,379.142323391436,280.68552738584566,203.74628172376825,104.68576612017253
0.8138138138138138,380.369653216393,281.4596678399845,197.36536957950653,96.11823339564344
0.8148148148148148,375.35840953726904,272.28106096570826,195.8321351227074,95.65509590504857
0.8158158158158159,381.35992268747754,281.4171109281421,195.88688268052871,98.02470820711122
0.8168168168168168,390.3081925572783,287.450451723864,201.08742525484092,100.40454244269833
0.8178178178178178,381.2356837106557,283.4464223001848,197.06842729697442,98.31337595725768
0.8188188188188188,384.874825140334,282.30484942845595,197.99456451170641,100.67720101245249
0.8198198198198198,400.49883730852764,297.4985805035165,198.563847460976,97.97924489070775
0.8208208208208209,402.3963068860647,302.3558021793201,201.81764568754593,103.36058979056263
0.8218218218218218,394.0617044861795,291.31235753600924,202.22125811445525,102.38952153582926
0.8228228228228228,387.25948314733245,283.59058337573964,205.0761499280309,106.47901691243449
0.8238238238238238,380.5559144400005,284.6647671651588,200.72580058050266,101.02259688600262
0.8248248248248248,382.02626529904234,283.88679724102343,199.72892837340757,98.04404832602835
0.8258258258258259,376.9168226797449,278.6933862737649,200.03250923791936,100.4851306273724
0.8268268268268268,370.87908598965834,270.9209692050174,201.54704549335398,101.03739395694085
0.8278278278278278,377.3010088918099,282.6352234900552,202.65164869901983,103.69816456241915
0.8288288288288288,370.72189122389,270.87007962941505,204.58235711323138,103.62937821086385
0.8298298298298298,371.4878548361495,274.1442929129416,202.31734265931698,104.2479242794645
0.8308308308308309,374.713543629888,274.1602231450521,200.89307314095655,101.58925502086313
0.8318318318318318,382.6747961880815,279.34143694578796,197.53463198630809,97.83475384051776
0.8328328328328328,380.06619197149786,277.8472446092043,193.13478010674615,94.34157553900506
0.8338338338338338,378.07882231556573,277.49896316658067,192.66294557316365,95.3583156983309
0.8348348348348348,374.7373409683944,275.40518739553863,195.3553055431284,95.83201342821836
0.8358358358358359,369.20509716854235,268.7781535229664,196.15349647601178,96.48996045818724
0.8368368368368369,365.7842973736092,267.9205394446061,193.59398648372735,95.46957997744012
0.8378378378378378,374.21911805770264,278.2456260048661,194.13474289352496,95.36927171460236
0.8388388388388388,379.1789676992747,281.6788748129246,188.45873461179855,89.89961012910209
0.8398398398398398,378.10397275086706,279.53281668092745,185.65988167282396,87.43074567145091
0.8408408408408409,371.3706992462215,269.68814575925603,187.4477877222509,89.22835760259471
0.8418418418418419,380.5982922748433,280.89987374239877,184.6140552741062,84.35905000521386
0.8428428428428428,377.2180180160131,279.3945133014308,188.51476890789397,88.51932455007595
0.8438438438438438,386.20483507816834,289.41507244789796,189.41746401758348,89.82377310363366
0.8448448448448448,386.4959433258088,284.3628099143358,196.85485312327737,96.56252346648522
0.8458458458458459,391.5890459301963,290.43134821960126,198.23344547104045,97.97927170273461
0.8468468468468469,390.9112285916713,293.68525036490564,202.7982245940737,102.15633280109367
0.8478478478478478,386.88546805126424,288.8526391634912,201.26239432034666,102.9314316044455
0.8488488488488488,396.8939188761649,298.64627088169254,205.87818835836367,104.95346302142876
0.8498498498498498,386.6949277176162,290.46265578213064,208.20898246359525,108.26042302081487
0.8508508508508509,377.74582114555096,277.10860701112597,207.49097810488647,108.30965389154784
0.8518518518518519,382.82906988970296,283.78170435001465,210.42180609641628,110.38161715556308
0.8528528528528528,392.1896097838378,292.74611343564754,216.53931792437453,117.02842877306466
0.8538538538538538,393.46973959464583,292.3068000367818,214.96480632160828,115.5655045431638
0.8548548548548548,393.29638867329476,294.2543939643084,218.70842420378892,119.61967964769532
0.8558558558558559,392.4577983199925,289.2143482662844,220.00341673332196,121.46663889488114
0.8568568568568569,387.6625663717987,287.7005333423466,217.67334263856142,117.32631413298193
0.8578578578578578,393.2027820727628,291.94032023174134,217.2065391874772,117.97985721468291
0.8588588588588588,399.8411714360284,297.89134815890645,216.63326337341434,118.47272637386662
0.8598598598598598,403.5171676098612,303.68011432534865,215.67812243599965,114.60570769883206
0.8608608608608609,408.8756557142526,308.2634931649828,211.67678028006614,112.78722768506833
0.8618618618618619,405.16438658290406,304.8003626850741,207.07845875443223,106.96879971607173
0.8628628628628628,407.47767698978083,307.6608208312858,206.88608575805725,107.72691234511753
0.8638638638638638,410.8097512744393,309.3262298156278,205.17308700204651,107.7427898454694
0.8648648648648649,401.4437840928339,301.1327773339695,207.50519333621838,108.76135710850714
0.8658658658658659,388.6562222702319,289.08140823809714,208.82896400815267,109.9251523212114
0.8668668668668669,387.1124362033654,286.5476416943929,206.87787148314482,108.48003471273798
0.8678678678678678,385.0533400029989,286.86017165225655,206.30662584774797,107.22117884364506
0.8688688688688688,387.1613001325746,288.76199802731406,211.2933204260862,112.6931117731689
0.8698698698698699,389.2236113484297,290.60402602977894,209.13335002144174,110.1633733237445
0.8708708708708709,381.51215333078255,281.09283345491673,210.4885819199345,111.41234818337897
0.8718718718718719,382.6424514035864,283.7752801772784,210.88799289760775,111.51520522465309
0.8728728728728729,381.2352651243201,282.11346081007156,204.07958911372717,103.42616812766286
0.8738738738738738,383.8218846781975,282.8252786623101,202.32015567715862,102.16885064858718
0.8748748748748749,471.9251311837301,371.7251501838322,202.86049959132703,102.58297485894103
0.8758758758758759,466.93556655609063,367.6180757510439,198.5810940729892,99.51783275807018
0.8768768768768769,457.09162056773647,355.5339960148637,198.04462082932312,98.07802395975892
0.8778778778778779,457.32413788079765,356.47424151289516,200.1933213275031,99.82693779134473
0.8788788788788788,446.77072654728073,345.67005678680835,200.58846815938188,101.29837889674863
0.8798798798798799,445.79572135401605,345.4027590572691,203.29911620878224,103.32379311829035
0.8808808808808809,449.1818592053192,350.8034107031269,200.32740176598315,100.44638571025675
0.8818818818818819,451.49287606214205,352.9002536162271,202.0719883600402,101.91584579867836
0.8828828828828829,450.94873868507375,350.4311958161875,201.0350029529508,101.94974326531147
0.8838838838838838,451.2199508370078,350.3023110190133,198.1397848034928,99.51133488905774
0.8848848848848849,448.8203459021035,347.45371739768996,195.29146187105107,93.50782788606178
0.8858858858858859,437.6280296595645,336.9602315691217,195.99401251197588,97.91013340920165
0.8868868868868869,447.4182488144425,351.1249500314317,193.52398311063538,93.10520259784131
0.8878878878878879,445.4371566017051,345.4274962363479,196.68632325158495,97.6933095286295
0.8888888888888888,453.1826940516016,354.18571906367015,200.65484632952936,102.83443795980467
0.8898898898898899,455.0149040673535,353.2675126413472,204.4496014913997,104.85242636684504
0.8908908908908909,445.81160362437504,344.8477974070234,212.20325068944507,111.77230316772723
0.8918918918918919,445.85852469562315,345.6128529184634,215.0737122586499,115.58554430269143
0.8928928928928929,444.872280441821,344.2595553996765,210.03161185914,109.04282504887782
0.8938938938938938,443.32098566921024,347.4466173403442,211.22547340030593,112.21948212682648
0.8948948948948949,448.26019280732896,347.9880694948279,210.8666858815031,110.61484690662968
0.8958958958958959,445.4035108743503,346.18002892674997,206.14360638001247,108.23116270608898
0.8968968968968969,448.2552802208656,347.3508362550893,207.50481984931528,108.7792860698642
0.8978978978978979,449.3783330822631,347.1518693050483,205.17429516776863,106.13632108453795
0.8988988988988988,453.3708640325247,351.4775257842134,203.44387264029774,102.93946209504118
0.8998998998998999,463.3502820048571,363.24217500186626,201.63920649139487,102.98745353231288
0.9009009009009009,458.3685394540302,360.64015471715896,200.28788319059555,100.28109343551952
0.9019019019019019,452.00758107559386,350.3829364558301,201.16523479022408,101.16527545273175
0.9029029029029029,446.1313293578071,347.24089074977627,204.21197017757666,104.58192384110558
0.9039039039039038,443.81646455731754,345.43290530782207,201.2889829063061,102.19339869476842
0.9049049049049049,446.04965537540875,346.8509174289834,217.0198363718033,116.93802685084262
0.9059059059059059,443.32802579340716,342.303155839153,221.12256747326177,121.57928477367575
0.9069069069069069,447.2249280857895,344.7171536423264,219.73408455246468,120.16842185391097
0.9079079079079079,457.1137886957862,355.53389712495,223.27805493388752,122.37092722855756
0.9089089089089089,453.8342387724713,351.57691214463296,228.2335143436377,129.25315947255473
0.9099099099099099,451.19958350738693,350.0161105376253,220.30725206133474,120.1471840122796
0.9109109109109109,451.89536246481606,352.27789518222204,224.25036506741068,123.91190540547514
0.9119119119119119,445.4518007824403,345.225191251061,219.6311540819586,118.62853258137825
0.9129129129129129,440.43407426791276,339.80031824813295,221.18843608124445,121.22437309052259
0.9139139139139139,436.3180936013325,335.74407862603164,212.53671785883955,115.1648852147442
0.914914914914915,444.1720194638233,346.5608620781772,216.26820212630008,115.3298594047834
0.9159159159159159,450.45731892517693,349.60860396302974,216.84445377740965,117.8609098165356
0.9169169169169169,462.57465042016435,363.8725121430734,218.1742979485249,118.16730146020188
0.9179179179179179,473.9014100808307,376.438812388207,220.67035151367463,120.40796166667245
0.9189189189189189,486.04942114155176,384.16954210068053,221.73808667693297,121.49727955760157
0.91991991991992,480.0673054982058,378.8163354131179,223.4336443070825,123.67597101456465
0.9209209209209209,478.0783224821145,376.2993884611267,224.76713781121174,125.75594649141492
0.9219219219219219,473.81858842407865,374.46979016270774,237.80293776239824,137.82689171117332
0.9229229229229229,473.61488569131166,371.773230810319,237.70572694045651,139.07145048303482
0.9239239239239239,459.5066299148987,360.4820792710252,243.1919205889407,143.01390201524106
0.924924924924925,460.760421996574,359.74739684238125,246.26670848110348,145.34437827636015
0.9259259259259259,467.4345200926695,365.8549908325487,247.1726628943232,147.67580106214152
0.9269269269269269,462.31163265986135,361.0132596005407,248.41188048572025,149.63506310447613
0.9279279279279279,467.55693635429265,369.25148154204965,248.632964473177,147.77407626475423
0.9289289289289289,469.9309712604295,368.07566650663125,248.38916426043664,148.8740269515987
0.92992992992993,457.92745531438317,358.570698838924,246.28197979838612,147.0668151404407
0.9309309309309309,455.71509471274067,357.27959126155616,252.94800190225192,151.80727192485463
0.9319319319319319,449.89594216024375,350.84966245441905,253.51315624014157,153.76559296473724
0.9329329329329329,457.84615410862403,359.4179977409798,256.89191503797315,156.8830666661918
0.933933933933934,453.9847713036517,353.85968127891005,253.17180486405067,152.0959081083284
0.934934934934935,450.519148624281,351.3656781753074,255.52319198523716,156.03685773035426
0.9359359359359359,449.3588107371536,347.8110490633551,255.50334117537315,154.0155672447155
0.9369369369369369,442.9805284056667,344.79555058721854,254.78595593362704,155.22103371040993
0.9379379379379379,448.604295378425,349.7358759853491,259.2924001724506,159.44686566253125
0.938938938938939,442.7000325768994,343.9034955854916,259.2781600146967,160.3349736871652
0.93993993993994,438.67218245798534,339.4822014234442,262.43345673582314,163.04753565113816
0.9409409409409409,445.27445447107095,345.56780699620276,266.9727369871783,166.56669654581646
0.9419419419419419,441.0725702253797,340.78861137725914,260.25665810410555,161.01524335059403
0.9429429429429429,449.9974900530961,351.5368795850235,257.18130287569466,157.8255336110813
0.943943943943944,447.40810187444356,348.08695499976784,253.9156886819737,153.78772344809786
0.944944944944945,461.96300564193035,361.317274412206,253.8905211532713,153.0495718715715
0.9459459459459459,467.44415459831197,366.3382789907052,255.73956331732907,156.32098648980016
0.9469469469469469,466.3296014465329,367.47225379482836,255.75297492328846,155.5280890312785
0.9479479479479479,466.6710065734162,368.75282788716356,259.8172996758881,159.39554748294447
0.948948948948949,457.3771142560691,357.7212329068313,261.9262825129647,162.65976741983698
0.94994994994995,453.7850920746491,354.26033519899073,262.1813226728891,161.49358345688597
0.950950950950951,459.8170000545734,360.4324900903983,261.079594512064,161.04924249613828
0.9519519519519519,475.228122854984,376.0718672471364,272.7630988507726,172.8109494583362
0.9529529529529529,459.0814386635048,359.88638786574165,277.1617981039293,178.2025535471439
0.953953953953954,450.8215363013608,351.9066736375085,278.68721397348963,178.35096455658686
0.954954954954955,460.6359483485764,361.16205848166,273.0096462914307,173.20365709731928
0.955955955955956,465.79210839217717,366.66259213791756,270.8061943612436,171.50699050051767
0.9569569569569569,468.0391666874591,367.85659022683444,273.0275016125568,174.03256494571315
0.9579579579579579,468.39218675667684,368.5689253254815,275.23769256091055,175.6549546638996
0.958958958958959,476.13977418724386,376.20811330424885,267.2579544674151,166.82531232498218
0.95995995995996,463.93458256161784,365.05834986066117,264.07196930535065,164.48502664605095
0.960960960960961,452.8565428308754,353.82544529678245,263.7621837740818,164.07035062947963
0.9619619619619619,457.69053219197536,359.2943085700253,263.6636547851752,164.40703173910214
0.9629629629629629,456.70201374113185,356.6070896503226,262.4154378858901,162.81917795365445
0.963963963963964,453.9224537627354,353.43247336726455,262.1267533964113,161.81431173678024
0.964964964964965,452.87354737628584,352.6992649060983,258.58565016984966,158.6010801731274
0.965965965965966,453.1171184019479,351.3181125357897,254.46967851631882,154.85237044349603
0.9669669669669669,445.32806602630137,345.500067137089,253.94240591097147,154.26578200535715
0.9679679679679679,446.68715457249857,346.1282217561516,256.50204024588083,156.5429248052303
0.968968968968969,441.06547523517065,340.97672103575695,259.8760907468471,159.79583585573795
0.96996996996997,446.91696147268783,346.7803997408269,261.29769015729295,161.56453194714638
0.970970970970971,447.278743183994,346.04886809690754,263.98902689126356,164.534430861091
0.9719719719719719,452.3000640711758,352.1339274870862,268.26093808289716,167.91295221553645
0.9729729729729729,451.704868590716,351.4093428500609,273.43563944436795,172.96778018394147
0.973973973973974,449.66727864284286,350.3764892257345,267.3790804033302,167.82610781015705
0.974974974974975,449.19454647570836,351.1124224207979,268.27823911155,168.2755694155847
0.975975975975976,443.2529963864179,343.21105812059426,274.5672535447664,174.6578214908441
0.9769769769769769,444.3037376570361,344.5862900750952,273.68120013108506,173.98354540824843
0.9779779779779779,436.83455707841364,336.8810675629526,265.4937535332674,165.04132392097384
0.978978978978979,446.9131108093521,347.3579934376578,265.11133040879304,165.60236750480257
0.97997997997998,445.73572886959664,346.3154665229734,268.61505982773343,168.68768156131364
0.980980980980981,447.81075556607533,347.853370261888,273.1414967976346,172.74690376814223
0.9819819819819819,451.99317014544306,351.5986915260643,270.27567378606267,170.58166732493814
0.9829829829829829,438.77982449309644,338.69955721543823,269.56095494461164,169.36693679245636
0.983983983983984,436.26952497594976,336.4594188659451,273.65428194964807,173.90761974450834
0.984984984984985,429.50301678794864,329.3735792880401,272.0746450989175,172.23460476146036
0.985985985985986,433.43975061337176,333.3972130446417,276.4116481982952,176.63191080956062
0.986986986986987,434.51437050082575,334.47668799148613,281.52999698825215,181.65933217866242
0.9879879879879879,437.1241963094855,337.0755172240013,278.48388481700283,178.63492574441136
0.988988988988989,434.5069691080765,334.93391523836937,281.0268063108555,181.0990651191874
0.98998998998999,426.7860680670025,326.88741575016655,280.24702235704825,180.42721081782523
0.990990990990991,421.76702332566,321.6341955497135,275.97326599853955,176.14240486223335
0.991991991991992,417.72922303278904,317.85680919081847,276.2713659552314,176.32579265454876
0.992992992992993,436.05405691198143,335.86622078582684,271.11043446356985,171.2863040677755
0.993993993993994,436.42852361662716,336.33675340007744,275.57687657615907,175.39399273104527
0.994994994994995,424.60434300585325,324.4652403227731,271.8885641597357,172.000296416432
0.995995995995996,424.60113737041354,324.3277412923847,276.7076949702145,176.75039029666675
0.996996996996997,422.0921368221792,322.1019892279494,271.68612446236165,171.71347367593725
0.997997997997998,409.63153351697173,309.69020507568257,261.52540839704596,161.4733972766323
0.998998998998999,416.2532915354787,316.24975422195007,262.52010050131247,162.5032300082258
1.0,423.4441244754096,323.4441244754096,258.00998940555417,158.00998940555417
