,t,x,f(x)
0,0.0,100.0,23.910149079550973
1,0.001001001001001001,101.69727643860314,25.62291035398259
2,0.002002002002002002,101.03800881101287,26.94940455368606
3,0.003003003003003003,101.74946607983023,25.64576913816234
4,0.004004004004004004,102.87340488200131,28.748808518947055
5,0.005005005005005005,101.77364696260149,27.0305315712928
6,0.006006006006006006,103.36998167064077,28.276587635316787
7,0.007007007007007007,103.96425737155728,27.684864216781783
8,0.008008008008008008,104.51920135923248,29.211342762341996
9,0.009009009009009007,105.50856700866498,29.791165287677266
10,0.01001001001001001,105.2789153476956,29.092214811070598
11,0.011011011011011013,107.09891538764828,30.01990894122069
12,0.012012012012012012,106.38675585901592,28.951442225160545
13,0.013013013013013013,106.18149644942457,30.136167014143034
14,0.014014014014014014,105.833739973682,29.86904089977311
15,0.015015015015015015,104.95691048194729,28.649891426378797
16,0.016016016016016016,105.24282562510048,27.763810302746275
17,0.017017017017017015,105.03158637947945,29.037106657069277
18,0.018018018018018014,107.11521838622473,30.87230577515499
19,0.019019019019019017,106.33416395668283,28.716358702977566
20,0.02002002002002002,128.11198856154246,45.233995710233245
21,0.02102102102102102,130.04498877056298,47.576330374662874
22,0.022022022022022025,129.51858409597565,46.65890414208712
23,0.023023023023023025,130.08860334681592,44.233244424753956
24,0.024024024024024024,131.02019497786898,47.641044556385225
25,0.025025025025025027,128.45997406572545,46.131515865355645
26,0.026026026026026026,129.29422628374388,48.29668257503652
27,0.027027027027027032,129.16987502116888,46.60282460036838
28,0.028028028028028028,128.89846490095513,46.877379358055066
29,0.029029029029029024,132.60645193617248,47.8098135284665
30,0.03003003003003003,131.18927020783954,49.86875060059963
31,0.031031031031031032,132.82508195393223,46.4850653889109
32,0.03203203203203203,136.52389438581358,53.485934907495896
33,0.03303303303303303,136.84584925770127,52.8910280484736
34,0.03403403403403403,138.29078564207114,52.32533452545901
35,0.035035035035035036,139.25884817728831,55.29319334107668
36,0.036036036036036036,140.22058127886328,53.5888862492099
37,0.037037037037037035,139.86334720422724,54.02184644705712
38,0.038038038038038034,135.19471452215913,50.887001933354895
39,0.03903903903903904,136.3047772692644,50.809090713095244
40,0.04004004004004004,139.7045410566545,55.635550541211245
41,0.04104104104104104,137.44642563460914,51.611101639765415
42,0.04204204204204204,139.2923813138401,53.06458115975217
43,0.04304304304304304,141.53870285062942,56.042526944420736
44,0.04404404404404405,140.38602898752188,55.84991180233962
45,0.045045045045045036,139.40437612137694,51.354107936262785
46,0.04604604604604605,138.5309240781622,51.56198187625272
47,0.04704704704704705,136.81243111527857,53.84740752353055
48,0.04804804804804805,135.83993425689454,52.64809194293879
49,0.04904904904904905,134.91384183300028,50.32396195046016
50,0.05005005005005005,131.8038811701146,46.04859415791733
51,0.05105105105105105,134.89562642798666,49.816879897169414
52,0.05205205205205205,134.21602310084805,49.914819793761104
53,0.05305305305305305,135.47023173064585,48.8590686354294
54,0.054054054054054064,136.23634025669574,51.306931342690305
55,0.055055055055055056,135.61256516500524,50.8773652427927
56,0.056056056056056056,135.15867510567966,50.66252028042366
57,0.05705705705705705,134.59243671359118,51.8633674425059
58,0.05805805805805805,134.20442469701229,49.5853977427877
59,0.05905905905905906,133.0657208151743,47.610222380674436
60,0.06006006006006006,132.12118950263186,46.46374157264552
61,0.061061061061061066,130.08768482444825,46.70003420350039
62,0.06206206206206207,131.15737137024422,45.97249436471944
63,0.06306306306306306,127.88949284225106,43.03542532745684
64,0.06406406406406406,128.8078005080761,45.30817323349396
65,0.06506506506506507,128.001219479601,44.33660781882037
66,0.06606606606606606,129.1813227737278,48.041242759925105
67,0.06706706706706707,131.33426960085308,45.95476318876564
68,0.06806806806806806,130.03760100800108,45.88584873271865
69,0.06906906906906908,127.66762375146007,46.455912917080546
70,0.07007007007007007,127.36365722863876,43.34030645434898
71,0.07107107107107108,126.725762517507,43.34773380428127
72,0.07207207207207207,128.2973756879717,45.07419147211584
73,0.07307307307307308,129.00315459545644,45.29477786115859
74,0.07407407407407407,130.32871852282986,46.303033216855
75,0.07507507507507508,131.04707030392998,48.56434543557482
76,0.07607607607607607,131.56406743521623,46.953141413877674
77,0.07707707707707707,134.32285082553028,51.277706162035905
78,0.07807807807807808,135.30854347426384,50.060081226180074
79,0.07907907907907907,133.5114394279083,50.30252360967022
80,0.08008008008008008,130.45037168573526,44.794511597297536
81,0.08108108108108109,130.54921976355237,47.01995191323622
82,0.08208208208208208,128.70559237511958,45.590580589834616
83,0.08308308308308307,126.54659734939821,44.03932842481056
84,0.08408408408408408,126.88437832354656,44.966596315676846
85,0.08508508508508507,129.21672350102796,45.518190799775574
86,0.08608608608608609,132.9122392348678,47.66819298974193
87,0.08708708708708708,131.75272048856823,48.17363102382015
88,0.08808808808808809,134.03019902009711,51.182275393505016
89,0.0890890890890891,134.03409271170983,47.90546557679704
90,0.09009009009009007,132.96707330304992,47.473610402393966
91,0.09109109109109108,131.62678391328686,48.978062579100744
92,0.0920920920920921,133.6403043024301,48.456092500701445
93,0.09309309309309308,136.27970664990215,51.73869784276518
94,0.0940940940940941,136.7896770238719,49.198711875158075
95,0.09509509509509508,137.38814753848445,51.46134070176021
96,0.0960960960960961,139.43196004593037,56.35907994306528
97,0.0970970970970971,139.19574782548622,53.01148805092926
98,0.0980980980980981,138.9770001569957,54.81248462903268
99,0.0990990990990991,139.33057816546415,56.235114748638146
100,0.10010010010010008,139.27312280209094,53.09084100547081
101,0.1011011011011011,141.71206776486392,54.62368334371075
102,0.1021021021021021,139.38229617863956,54.8839072452409
103,0.1031031031031031,139.33261000713077,53.99345046971126
104,0.1041041041041041,141.5786109890089,54.93985608523027
105,0.10510510510510512,142.60222108851642,58.19047838947466
106,0.1061061061061061,142.5286927259977,56.46638924390629
107,0.10710710710710712,142.3246436523714,57.636457857496914
108,0.10810810810810813,141.80074219700458,55.66018138906832
109,0.1091091091091091,142.91128719475776,57.68725482295372
110,0.11011011011011013,142.55206769912442,55.52958727571129
111,0.1111111111111111,144.87294539709129,57.51242610213913
112,0.11211211211211213,143.99424336856904,56.81861223517599
113,0.11311311311311313,137.9909947179972,49.65007125218088
114,0.11411411411411412,138.8511007385815,51.94693381294533
115,0.11511511511511513,136.93454543069691,49.98922693403179
116,0.11611611611611612,135.90859905356754,49.8980108899558
117,0.11711711711711713,136.0414717692023,50.734379569240836
118,0.11811811811811812,135.47717159524026,50.34529651380629
119,0.11911911911911913,136.08197286373223,49.73449154052751
120,0.12012012012012012,133.44097001370454,48.436956316011766
121,0.12112112112112113,135.37366154891183,49.60830076422009
122,0.12212212212212213,134.44376362784328,48.485607101824314
123,0.12312312312312312,134.40180970089799,49.394970935266414
124,0.12412412412412413,133.2782444227787,47.108817636050674
125,0.12512512512512514,132.11653737615742,47.5144631635865
126,0.12612612612612611,131.99225509436195,46.57036099738091
127,0.12712712712712712,130.97098256308658,46.60638426490036
128,0.12812812812812813,132.30354058504403,46.60736269158889
129,0.12912912912912913,130.93072254229105,44.586381839635806
130,0.13013013013013014,128.06018125788893,44.314955136724784
131,0.13113113113113112,127.04778402948297,43.78099148051007
132,0.13213213213213212,126.85678880883816,43.07219604766558
133,0.13313313313313313,127.72013902438536,45.121292889636074
134,0.13413413413413414,128.5812067404371,42.03684764548766
135,0.13513513513513514,129.06194338922032,44.93584954550913
136,0.13613613613613612,128.47015237668836,44.06808461023841
137,0.13713713713713713,129.96371172801747,43.90945175180371
138,0.13813813813813813,127.47128833978752,44.04061056041969
139,0.13913913913913914,130.163334060545,45.42801631186874
140,0.14014014014014015,128.50515204096777,44.1866343544673
141,0.14114114114114115,129.36983792855926,45.24033808763241
142,0.14214214214214213,130.3491147189873,47.237946116458744
143,0.14314314314314314,130.61766310288377,45.8223010728293
144,0.14414414414414414,131.46639878726174,45.40926084880724
145,0.14514514514514515,129.95689097999573,44.94272078080093
146,0.14614614614614616,130.5106215591385,46.132541238073514
147,0.14714714714714713,130.15559834274478,47.362264105346014
148,0.14814814814814814,130.77220134666348,45.939273605740105
149,0.14914914914914915,130.53922835550065,44.86373147808456
150,0.15015015015015015,130.12851709570128,44.56420226623284
151,0.15115115115115116,130.2238788394541,45.182502325176294
152,0.15215215215215214,131.49947965794865,47.762616967856786
153,0.15315315315315314,134.59135256877858,48.24959157521406
154,0.15415415415415415,133.1600186382729,49.103019972830644
155,0.15515515515515516,130.88883468706152,45.4408819702481
156,0.15615615615615616,130.22012840539327,43.514220613896306
157,0.15715715715715714,128.72711611301742,44.56881738858359
158,0.15815815815815815,128.2204205944616,42.06537082093896
159,0.15915915915915915,128.58088300596472,43.30166962276837
160,0.16016016016016016,128.31633663933354,43.30570846751376
161,0.16116116116116114,127.22552495137072,43.56927396877614
162,0.16216216216216214,129.05725410152738,43.3970712679403
163,0.16316316316316315,130.58687413000828,44.833335276746965
164,0.16416416416416416,130.918995398345,45.979974380609676
165,0.16516516516516516,129.7280107584758,43.2785435667597
166,0.16616616616616614,129.07767490194382,44.11534757291365
167,0.16716716716716715,129.6439578630336,44.63739300757479
168,0.16816816816816815,131.78675107416038,47.482554082274625
169,0.16916916916916916,133.77082545414066,47.11240788387008
170,0.17017017017017014,134.78390865349115,49.247055823929934
171,0.17117117117117114,136.9790128248868,50.03309483567764
172,0.17217217217217218,136.75360684884322,51.327513178345214
173,0.17317317317317318,137.40438263564766,49.296786709566646
174,0.17417417417417416,139.48881204914574,53.62473694506887
175,0.17517517517517514,137.35737769035458,51.714807892290004
176,0.17617617617617615,138.50160734113248,51.90365124691464
177,0.17717717717717718,139.6905244565738,53.63886801251973
178,0.1781781781781782,137.2476791675615,49.943331306090066
179,0.17917917917917914,137.19004502207113,51.2118565986157
180,0.18018018018018014,138.52823273051558,49.4895333053858
181,0.1811811811811812,138.86372086778894,51.04091342179558
182,0.18218218218218216,138.61956701856582,51.85891918115805
183,0.1831831831831832,139.72770257699392,53.28233911885524
184,0.1841841841841842,139.96163552616215,53.20647726393366
185,0.1851851851851852,142.3626146193415,56.45410946597069
186,0.18618618618618615,144.168173655554,55.759555264431626
187,0.1871871871871872,148.29127958487072,59.818487992496266
188,0.1881881881881882,146.236793590757,57.94198901620528
189,0.1891891891891892,144.58895201567847,57.82210127239651
190,0.19019019019019015,146.98286335359762,58.61998440437459
191,0.1911911911911912,145.62642446304267,57.1614518659748
192,0.1921921921921922,146.78616091274768,56.50084881679681
193,0.1931931931931932,145.97595022138933,56.96893332538733
194,0.1941941941941942,145.46453102140202,56.544115783998166
195,0.1951951951951952,144.3861296082591,56.42529408202047
196,0.1961961961961962,143.4507187609736,55.42666415081472
197,0.1971971971971972,141.92117081795192,52.43875053885362
198,0.1981981981981982,140.96931137968141,53.593804872582524
199,0.1991991991991992,142.52069809071702,56.24015429498217
200,0.20020020020020016,140.86722402563214,53.61137457635007
201,0.2012012012012012,139.1792552137278,52.49163798377981
202,0.2022022022022022,139.5746921546722,52.493336257733496
203,0.2032032032032032,137.4665176792632,49.5054851780919
204,0.2042042042042042,137.55787320714643,51.35380506567035
205,0.2052052052052052,136.35635538300738,50.01764386849524
206,0.2062062062062062,135.59084796159655,48.64372747646768
207,0.2072072072072072,136.30371767408278,51.03044621324456
208,0.2082082082082082,135.99310312459087,50.541825771387295
209,0.2092092092092092,136.68280284604512,49.269922161732275
210,0.21021021021021025,138.1621854149571,51.07601748971934
211,0.2112112112112112,140.6102620763973,54.24181996720899
212,0.2122122122122122,141.80401675388129,52.949701252803635
213,0.2132132132132132,139.18681018073428,51.28669848649608
214,0.21421421421421424,137.73638405432527,50.17602227647969
215,0.2152152152152152,136.41839494902018,49.66280752001855
216,0.21621621621621626,134.53135870952508,49.9202098262807
217,0.2172172172172172,133.61763392618744,48.93614687045621
218,0.2182182182182182,133.78806231702876,47.71263515602175
219,0.2192192192192192,134.60615748540087,47.748736204121585
220,0.22022022022022025,135.62564024544727,48.633064223177655
221,0.22122122122122126,132.5597324079751,46.047668215007675
222,0.2222222222222222,131.72980487729382,44.45106760659205
223,0.2232232232232232,132.55341959449677,46.41913308208899
224,0.22422422422422425,131.97624514631175,46.623939958460824
225,0.22522522522522526,132.3336435967198,47.49110252883713
226,0.22622622622622626,133.35591552785698,46.51329177310424
227,0.2272272272272272,132.62494256935508,46.14389805950811
228,0.22822822822822825,133.09772372022266,44.90063712506752
229,0.22922922922922925,133.68235925068785,46.67802553994403
230,0.23023023023023026,134.65657249857793,48.85634615823961
231,0.23123123123123124,134.11716851235158,47.58587639491677
232,0.23223223223223224,132.38292495128283,45.52882200873778
233,0.2332332332332332,132.7954329584567,45.796915146237524
234,0.23423423423423426,129.40864756189808,42.832231223504955
235,0.23523523523523526,128.1917450426031,41.80998568605655
236,0.23623623623623624,129.71202636850066,43.283089689828635
237,0.23723723723723725,129.43251318412044,42.57024530265874
238,0.23823823823823825,127.20748580816117,41.31007455460229
239,0.23923923923923926,127.74806821221014,42.051283997314115
240,0.24024024024024024,128.54503143153184,42.89393953808039
241,0.24124124124124124,129.08162521546018,42.397014629124385
242,0.24224224224224225,129.22333486077466,43.83402424124897
243,0.24324324324324326,130.78524348302284,43.212895222869555
244,0.24424424424424426,130.4462527032399,44.620490616231706
245,0.24524524524524524,130.8159765348467,44.99718072767935
246,0.24624624624624625,127.50232629141708,40.99581556758112
247,0.24724724724724725,128.23508146044378,42.46934946620004
248,0.24824824824824826,126.82911134732123,43.90357481318612
249,0.24924924924924924,127.62373110676491,40.08667887002745
250,0.2502502502502503,121.72180945087038,36.74595673527473
251,0.25125125125125125,122.25485296781888,37.582522968018836
252,0.25225225225225223,120.37078249900824,36.885447069628306
253,0.2532532532532533,120.35990338325838,35.21766397389199
254,0.25425425425425424,120.0548354207398,37.45731984590552
255,0.2552552552552553,118.18301200724774,33.30813969792593
256,0.25625625625625625,116.80539346498922,32.934327499500064
257,0.25725725725725723,117.56024104530054,35.079402915989405
258,0.2582582582582583,118.60043754963242,35.41258754680528
259,0.25925925925925924,119.27417226786112,34.371791359467
260,0.2602602602602603,118.20801553380664,35.42578387235353
261,0.2612612612612613,121.09941933194081,37.830588323869314
262,0.26226226226226224,122.15313454105377,37.25815772003053
263,0.2632632632632633,121.67379877536794,36.3718359280856
264,0.26426426426426425,120.33233685790695,36.43109466906019
265,0.2652652652652653,119.63955506757458,35.494838990915305
266,0.26626626626626626,121.52191102994658,36.772318934402534
267,0.26726726726726724,121.87390172900392,36.88898701384711
268,0.2682682682682683,122.2586988701561,38.71527235172299
269,0.26926926926926925,124.68686919711365,39.997526142501144
270,0.2702702702702703,127.26991374787035,40.728032563242515
271,0.2712712712712713,126.060069724977,40.93456029090337
272,0.27227227227227224,126.59798691415222,40.34117112711563
273,0.2732732732732733,126.42720854494848,39.30324327265923
274,0.27427427427427425,125.21300999150992,39.556974043092936
275,0.2752752752752753,122.11014949377956,38.35780510457857
276,0.2762762762762763,122.55275129917943,37.45355805457524
277,0.2772772772772773,125.391198503008,38.892541145773436
278,0.2782782782782783,127.41019836116831,41.65589437808365
279,0.2792792792792793,125.37532592495896,41.05578459498046
280,0.2802802802802803,125.01106127880705,41.23670529956498
281,0.2812812812812813,124.66777509494128,38.883527847721695
282,0.2822822822822823,126.30677705102651,39.83969855209616
283,0.2832832832832833,124.33788940662014,37.9590271694537
284,0.28428428428428426,123.2401519987264,37.563102814546504
285,0.2852852852852853,123.43861784136507,37.84459389142571
286,0.2862862862862863,120.95905814812315,36.19062358520509
287,0.2872872872872873,119.33861517529893,34.368747968914015
288,0.2882882882882883,119.721205575882,35.01539405753191
289,0.2892892892892893,118.42728833193512,34.38032998715493
290,0.2902902902902903,118.94782029106399,34.067487275388146
291,0.2912912912912913,116.7752204661055,33.00157466413987
292,0.2922922922922923,115.06309773091007,32.32931313336099
293,0.2932932932932933,115.13455845119898,31.932002041884218
294,0.2942942942942943,115.87685969108496,32.09916603549481
295,0.2952952952952953,115.55270235658274,32.41161767108924
296,0.2962962962962963,114.55047117437721,32.56569409011703
297,0.2972972972972973,112.2745295208262,29.348721306852333
298,0.2982982982982983,108.0706038669038,25.737656945093914
299,0.2992992992992993,107.81106289139791,27.435507788144516
300,0.3003003003003003,108.16665041354223,27.302657533079365
301,0.3013013013013013,107.28138915960548,26.547144900972498
302,0.3023023023023023,106.39906497057129,25.846250021459785
303,0.3033033033033033,105.0738947771727,25.304802444142574
304,0.30430430430430433,105.73476657536987,25.43701439478264
305,0.3053053053053053,108.09573193646177,26.968363402277753
306,0.3063063063063063,107.97276543612637,26.753378551914675
307,0.3073073073073073,108.27173751703104,26.692565183950276
308,0.3083083083083083,109.13853358345438,28.32321360110038
309,0.3093093093093093,112.62663590651985,29.64235224299676
310,0.3103103103103103,112.5430301768952,29.49303911183655
311,0.3113113113113113,111.96651840589243,30.899665590625567
312,0.3123123123123123,112.54001230005696,30.06288219597455
313,0.3133133133133133,113.49746439017277,29.753374262574333
314,0.31431431431431434,113.96627469166441,32.256319871393806
315,0.3153153153153153,114.97571495811327,31.913197500508627
316,0.3163163163163163,116.82161807678229,32.91120240229829
317,0.3173173173173173,112.93385381543443,30.446334536312364
318,0.3183183183183183,116.30777817526871,31.870550648877643
319,0.3193193193193193,116.32038661139264,32.64554257414297
320,0.3203203203203203,113.639222459046,30.202410711029803
321,0.3213213213213213,114.7929449476766,31.067519603893867
322,0.32232232232232233,117.02041982362526,33.621776188108086
323,0.3233233233233233,117.65647314428594,31.791923558691746
324,0.32432432432432434,119.66441663424105,35.586338486666
325,0.3253253253253253,121.70761290274687,36.15577741401329
326,0.3263263263263263,122.30265401511558,37.129052948874595
327,0.3273273273273273,122.17125981816031,35.79757901321639
328,0.3283283283283283,123.33789880768464,37.731228289009394
329,0.3293293293293293,123.47222562875632,38.04720531508953
330,0.3303303303303303,124.3056244823513,37.926948065893534
331,0.3313313313313313,124.81614418763935,36.62909816153534
332,0.33233233233233234,126.10209782438879,38.999105489350775
333,0.3333333333333333,126.50780976804536,38.05757031309589
334,0.33433433433433435,127.34251511871429,40.55456142188821
335,0.3353353353353353,125.99911069337077,39.16217730689725
336,0.3363363363363363,124.6175582147503,39.31369929140609
337,0.3373373373373373,125.03600782336369,38.107649435206696
338,0.3383383383383383,126.74219988163657,40.5945686509297
339,0.3393393393393393,128.41841325349395,41.29284635491884
340,0.34034034034034033,126.93651823816606,41.22191710928097
341,0.34134134134134136,124.73976121921312,38.869043683762406
342,0.34234234234234234,122.99470501351105,35.94413353059314
343,0.3433433433433433,122.72887030072405,36.84603444426055
344,0.3443443443443444,124.84569813728355,37.48682840256992
345,0.3453453453453453,123.04731696039808,37.73602044764211
346,0.3463463463463464,122.5570630739044,35.600779648760586
347,0.3473473473473473,123.70161591676391,37.00556926982514
348,0.3483483483483483,122.32358656867535,35.62833167910017
349,0.34934934934934936,124.2238168507152,37.620197630761496
350,0.35035035035035034,123.68321274994936,36.73228847248681
351,0.35135135135135137,123.92349414450277,36.734564305867046
352,0.35235235235235235,124.25026306926624,37.6903276763381
353,0.3533533533533533,124.21553888759784,37.85783502166
354,0.3543543543543544,124.67067093398776,38.718261362647695
355,0.3553553553553553,123.09249923254428,37.89345694302749
356,0.3563563563563564,122.63470609540836,36.57402441307871
357,0.3573573573573573,121.87664915760405,35.09275966723882
358,0.35835835835835833,120.52019587451453,33.847984573897875
359,0.35935935935935936,124.01790122400931,37.71125112910133
360,0.3603603603603603,123.28442321067457,37.15206642075644
361,0.3613613613613614,126.88187087960921,41.145830173526114
362,0.3623623623623624,129.30373843853914,42.65199088041334
363,0.3633633633633633,129.90949806369593,43.49969537381567
364,0.3643643643643644,125.76172756526913,39.41374282794827
365,0.36536536536536535,128.74633415213592,40.24014619743352
366,0.3663663663663664,131.14554620626473,41.08440813912133
367,0.36736736736736736,129.89157288600194,40.411568754331455
368,0.3683683683683684,130.9574984202525,43.37504495880357
369,0.36936936936936937,132.9577547385092,43.03360298715251
370,0.3703703703703704,134.9767799563143,43.63508316011534
371,0.3713713713713714,134.2208196676119,43.975291255984175
372,0.3723723723723724,136.12534239769894,48.664870342152625
373,0.3733733733733734,135.4095535462951,47.690322316005826
374,0.3743743743743744,136.01306346747455,46.061182167671554
375,0.37537537537537535,137.6661803967748,48.94806750306231
376,0.3763763763763764,138.76104370637972,48.896651686101805
377,0.37737737737737737,138.05594317061414,46.98624596906451
378,0.3783783783783784,136.95959611006762,48.36559753627753
379,0.3793793793793794,137.98667037740623,50.8964716731259
380,0.3803803803803804,135.71976941201638,47.788136053312925
381,0.3813813813813814,135.46888968560793,46.909835557217924
382,0.3823823823823824,138.0291802978474,50.15564905159369
383,0.3833833833833834,138.8814839551133,47.41827278281501
384,0.3843843843843844,136.8883704244981,49.39482464284222
385,0.38538538538538536,138.88318842734265,48.57534466182655
386,0.3863863863863864,140.9558643401957,51.69947341837537
387,0.38738738738738737,138.22925301543407,46.799482761149136
388,0.3883883883883884,138.20402470168835,49.18022127332189
389,0.3893893893893894,136.6922251870824,47.27429802245049
390,0.3903903903903904,135.77290999203152,47.02531904279718
391,0.3913913913913914,134.54221805350664,44.548609547252426
392,0.3923923923923924,134.65335553431495,45.84220534498122
393,0.3933933933933934,132.81942886051365,42.991106972812666
394,0.3943943943943944,130.0416462033403,41.014020706488154
395,0.39539539539539537,128.62672587437407,39.58428994171396
396,0.3963963963963964,128.0698324839648,39.78731380465599
397,0.3973973973973974,127.9060667431588,40.46539348537486
398,0.3983983983983984,126.17821501748192,36.469386987705185
399,0.3993993993993994,125.03633370595541,38.674389517433305
400,0.4004004004004004,123.88685176573894,37.06086732975733
401,0.4014014014014014,121.76806055717091,35.06389474963507
402,0.4024024024024024,120.86544698629606,33.47536886816099
403,0.4034034034034034,119.81816001749624,32.86837308268218
404,0.4044044044044044,118.80972239450969,31.61973672801763
405,0.40540540540540543,119.85649468535445,34.02244670432478
406,0.4064064064064064,122.0485956838395,34.977872419240825
407,0.4074074074074074,124.15479959483672,35.96374646180637
408,0.4084084084084084,124.34229398904957,35.63695359545598
409,0.4094094094094094,122.77097623850092,34.02941133173061
410,0.4104104104104104,121.81878025242364,34.132990795159614
411,0.4114114114114114,122.02241941794097,36.3322226042574
412,0.4124124124124124,121.34851427484608,34.4589046232989
413,0.4134134134134134,122.54066911299921,34.76361010584378
414,0.4144144144144144,123.58693747387123,36.90934864490912
415,0.4154154154154153,125.12704638605015,36.917547124807186
416,0.4164164164164164,126.81201957752131,37.53469371991445
417,0.4174174174174174,127.31696796809022,40.463065414981436
418,0.4184184184184184,129.384025296942,41.19849429871166
419,0.4194194194194194,130.05490968317872,41.593061337094795
420,0.4204204204204205,129.88778290662694,41.624473478220686
421,0.4214214214214214,130.76478551803524,41.9939037384147
422,0.4224224224224224,125.59269487596107,36.130391941078784
423,0.4234234234234234,129.34334434980892,40.196200993056706
424,0.4244244244244244,132.12793216387436,43.376640444646625
425,0.42542542542542544,133.08371079788827,43.03315064228902
426,0.4264264264264264,133.8261655332305,42.230986763510415
427,0.4274274274274274,134.22886652808666,42.73220032229924
428,0.4284284284284284,136.10714839575942,46.287994616164404
429,0.4294294294294294,135.96966598481166,45.77129378993451
430,0.4304304304304304,136.3547535318076,45.56933413905432
431,0.4314314314314314,135.56942086394454,45.5782153232189
432,0.4324324324324325,135.26304845046056,45.09465913448399
433,0.43343343343343343,134.78461486787862,42.02977307724913
434,0.4344344344344344,139.65030496388852,49.328505129613234
435,0.43543543543543545,142.4809039270394,49.667616772210245
436,0.4364364364364364,142.20958972827827,51.993755517859746
437,0.4374374374374375,139.31393009667016,47.915370095244036
438,0.4384384384384384,141.36413980689755,50.060756807007294
439,0.4394394394394394,141.79988335957398,50.52928997823681
440,0.4404404404404405,144.36794573291738,55.098430926294334
441,0.44144144144144143,145.12314644442674,52.73459314168377
442,0.4424424424424425,144.97063592758067,52.56832814629602
443,0.44344344344344333,143.9988984460818,50.99859948817187
444,0.4444444444444444,143.07046482207116,52.26381229424276
445,0.4454454454454455,142.39722237131463,51.093869949290216
446,0.4464464464464464,142.99730070993266,50.66747201164626
447,0.44744744744744747,145.4304369012004,54.615799609946
448,0.4484484484484485,145.5408370132679,54.53056777566351
449,0.4494494494494494,146.28331877308975,52.34403317399816
450,0.4504504504504505,143.52738006262857,52.69878978045549
451,0.4514514514514514,146.51664707604877,55.0797389721265
452,0.4524524524524525,146.9734480436479,54.36109323376294
453,0.4534534534534535,147.6729291596694,54.74868215359494
454,0.4544544544544544,148.0092497306181,54.48363847637387
455,0.4554554554554554,146.0305758536886,52.54096156162909
456,0.4564564564564565,145.86094077502423,52.458997454218284
457,0.4574574574574575,146.555920768132,53.25173839432449
458,0.4584584584584585,146.05954086877634,53.32482870060139
459,0.4594594594594594,147.2553574944936,55.49353427408353
460,0.4604604604604605,149.7187707720698,56.87698484906013
461,0.4614614614614614,147.91565500338254,52.829987106776876
462,0.4624624624624625,150.96853591918546,59.075908824571925
463,0.4634634634634634,151.2541538601272,57.015594009260695
464,0.4644644644644644,152.0000929627212,56.437814688469565
465,0.4654654654654655,152.48781660371031,58.18233036059918
466,0.4664664664664665,151.87264801255202,58.50011800333921
467,0.4674674674674675,151.00638424083937,56.19936358777257
468,0.4684684684684685,154.7405609221381,60.50664391427218
469,0.4694694694694695,155.7548471845232,62.27543336327076
470,0.4704704704704705,155.81854441541162,60.36413369797738
471,0.4714714714714714,156.69048236916046,61.79307437768776
472,0.4724724724724725,159.74511159390013,67.07392492098606
473,0.4734734734734735,159.51917418107743,64.3395019286722
474,0.4744744744744745,158.22742584665286,65.16129534632314
475,0.4754754754754755,161.26534595610744,66.06685714137943
476,0.4764764764764765,158.66332076308763,64.46996575141311
477,0.4774774774774775,159.14214921547784,66.90776370001382
478,0.4784784784784785,156.66023987943674,63.40348134197307
479,0.4794794794794795,156.23042031295472,62.13595650744691
480,0.4804804804804805,157.90528650737687,63.88031843939522
481,0.4814814814814815,194.99425158495026,98.80500891552595
482,0.4824824824824825,192.7025698655686,93.91331096147654
483,0.4834834834834834,195.04383293215602,96.61559217944149
484,0.4844844844844845,189.63177046419068,91.24012511825657
485,0.4854854854854855,187.03159684856118,91.77453820420182
486,0.4864864864864865,188.19263257848255,92.1964377423529
487,0.4874874874874875,186.87732320036625,92.28443640933602
488,0.4884884884884885,157.48604884491246,62.56034188012529
489,0.4894894894894895,157.09491814936027,63.60803048927183
490,0.4904904904904905,154.00507417288833,61.74336694639517
491,0.4914914914914914,154.10026960224792,59.53851026938298
492,0.4924924924924925,153.93976351216975,60.33761029523595
493,0.4934934934934935,156.04521928203928,61.52769443359326
494,0.4944944944944945,153.09315095707154,59.62423361658975
495,0.4954954954954955,154.97769053010015,59.044263182302636
496,0.4964964964964965,153.5818423512724,61.176581097530644
497,0.4974974974974975,153.7322660185262,59.726134006238574
498,0.4984984984984985,153.16911641804938,60.99127089685869
499,0.4994994994994995,150.65810572049088,57.798146404675116
500,0.5005005005005005,152.64219623697082,57.419452993167546
501,0.5015015015015015,152.0877026355561,60.32954848942487
502,0.5025025025025025,154.3149936138681,60.004917500642605
503,0.5035035035035035,155.3847486486915,60.7215327493751
504,0.5045045045045045,155.07246997928206,62.23177823551013
505,0.5055055055055055,152.65686749306704,58.74115046848096
506,0.5065065065065065,151.26555253757724,57.07878017475163
507,0.5075075075075075,151.85293763599574,59.87052088853721
508,0.5085085085085085,152.33845524366396,58.23590696329463
509,0.5095095095095095,154.19718826755403,60.292611481651555
510,0.5105105105105106,152.4894358191066,58.10225287579531
511,0.5115115115115115,151.99777196606874,57.73366085371387
512,0.5125125125125125,150.13902705642582,57.25286232064785
513,0.5135135135135135,150.42640049839326,56.12619708623309
514,0.5145145145145145,151.21735842861258,57.69785393764235
515,0.5155155155155156,151.8267886131904,57.259727779464555
516,0.5165165165165165,151.28064835191512,56.47110429491132
517,0.5175175175175175,150.94167862305372,56.66745240229002
518,0.5185185185185185,153.79008138797963,58.34166334157925
519,0.5195195195195195,153.8793627503727,59.7824513332885
520,0.5205205205205206,154.1900347868504,59.90471898305911
521,0.5215215215215215,155.11335284474933,60.283562627142494
522,0.5225225225225225,155.42625499711554,60.94333296446419
523,0.5235235235235235,155.429349618638,59.68481716596518
524,0.5245245245245245,155.73920452169457,62.49899081712669
525,0.5255255255255256,157.75720372891547,66.13056893542338
526,0.5265265265265265,157.93584609565048,59.67200572827512
527,0.5275275275275275,158.3785182091155,65.61610018439953
528,0.5285285285285285,158.80860779015498,63.4210322634564
529,0.5295295295295295,157.69265861807713,63.91156000696722
530,0.5305305305305306,158.4922653814713,62.07201499189602
531,0.5315315315315315,160.01558885537432,64.0273159554735
532,0.5325325325325325,159.4057951510971,64.55811964492783
533,0.5335335335335335,158.16597446391188,62.729829466669045
534,0.5345345345345345,157.62724491172918,61.52677142784539
535,0.5355355355355356,158.19568125289084,63.0768368650137
536,0.5365365365365365,157.4865364481246,63.47280572627679
537,0.5375375375375375,155.6477015339148,60.58968691825148
538,0.5385385385385385,153.25705850400595,58.78142356483647
539,0.5395395395395395,154.1755690297055,59.625593738898935
540,0.5405405405405406,154.34618279610942,59.226493680195
541,0.5415415415415415,156.51407626403514,61.89588644238821
542,0.5425425425425425,155.96880732770182,60.65388567167786
543,0.5435435435435435,154.99190973901128,61.66119803423411
544,0.5445445445445445,153.6218667209715,57.972569152082656
545,0.5455455455455456,154.29555121537433,56.849075697851205
546,0.5465465465465466,158.84861892317244,62.53907274743392
547,0.5475475475475475,158.94053211094783,64.98782481972137
548,0.5485485485485485,160.41323267823745,65.27886997810741
549,0.5495495495495496,160.3727210509975,66.27713917070686
550,0.5505505505505506,163.63890461443856,71.64397343871562
551,0.5515515515515516,165.34218796860128,69.70024161988802
552,0.5525525525525525,166.46816023870036,72.01191167216489
553,0.5535535535535535,167.035624984551,72.86206225955806
554,0.5545545545545546,166.38979739073508,70.14187514483609
555,0.5555555555555556,167.70383619226317,72.64569053619184
556,0.5565565565565566,169.25651952620942,73.97905687202451
557,0.5575575575575575,172.07081336330262,76.2271464807753
558,0.5585585585585585,170.87976535051024,75.9315663495779
559,0.5595595595595596,174.4325341586017,77.63450038820925
560,0.5605605605605606,176.78028454071685,81.47108326517935
561,0.5615615615615616,178.40485492225727,83.18969944383846
562,0.5625625625625625,179.92343572096829,82.45166056364583
563,0.5635635635635635,180.18346233873103,84.93903040180474
564,0.5645645645645646,182.51463275250333,85.15239209953762
565,0.5655655655655656,188.94465388375028,88.97997768915197
566,0.5665665665665666,193.28816299479396,95.49988104569576
567,0.5675675675675675,196.42778933903236,98.91717848640229
568,0.5685685685685685,195.5217187531392,95.14320688406615
569,0.5695695695695696,195.02670545026368,96.25871576876831
570,0.5705705705705706,194.7398647914317,100.62799089638798
571,0.5715715715715716,195.23490300444945,95.78210927571612
572,0.5725725725725725,193.8932857311312,96.44342979149515
573,0.5735735735735735,197.38427208028648,99.3962163327343
574,0.5745745745745746,196.27878265894046,101.9015277651909
575,0.5755755755755756,192.96053731359277,94.25872132847307
576,0.5765765765765766,194.7058496986715,97.9900528060259
577,0.5775775775775776,198.97870513624576,101.19906740682532
578,0.5785785785785785,197.03577965385162,99.36331763717988
579,0.5795795795795796,198.00398348592992,100.87609004774733
580,0.5805805805805806,193.33449689124717,94.6273018541521
581,0.5815815815815816,191.2386258983229,95.21164284621472
582,0.5825825825825826,196.79340666462025,103.77181245571882
583,0.5835835835835835,197.38252579840324,102.12719785754778
584,0.5845845845845846,193.79494288149726,95.88611197952333
585,0.5855855855855856,198.68847727555539,100.69576699497688
586,0.5865865865865866,198.43862023484002,100.56535810170465
587,0.5875875875875876,196.5812537460157,98.48143405463668
588,0.5885885885885885,193.74436838477428,96.9725012795685
589,0.5895895895895896,190.37019921746503,91.83334025576019
590,0.5905905905905906,191.0444256556062,92.02345717835153
591,0.5915915915915916,191.43128561819333,91.72291935984501
592,0.5925925925925926,191.58921150851845,93.1525910035471
593,0.5935935935935935,192.80385600208174,94.42363807638733
594,0.5945945945945946,193.9590327845641,94.7023962194924
595,0.5955955955955956,197.725692712764,101.07177145722096
596,0.5965965965965966,190.66726325530792,94.04060579089898
597,0.5975975975975976,190.4282954536795,90.37724832278731
598,0.5985985985985985,191.59804281044515,93.39164195770961
599,0.5995995995995996,189.41473258229308,90.14873728185985
600,0.6006006006006006,189.1546634411532,92.70492937231728
601,0.6016016016016016,183.96286649052254,89.32091796060534
602,0.6026026026026026,183.46213810034268,85.14952440285894
603,0.6036036036036035,186.3135138680318,88.65297725703599
604,0.6046046046046046,182.49176960536658,85.23723668413115
605,0.6056056056056056,180.07128036217128,81.81266446752491
606,0.6066066066066066,179.82204370119274,81.00730675406001
607,0.6076076076076076,180.7924890920941,82.91930058812243
608,0.6086086086086087,184.45777315592895,89.25846817056649
609,0.6096096096096096,179.6427456347685,81.61511260042163
610,0.6106106106106106,177.2978249164518,80.64797112672191
611,0.6116116116116116,176.72951964109882,77.67480825373578
612,0.6126126126126126,172.3492950939901,76.34517361753592
613,0.6136136136136137,171.9063736260646,75.85862654729972
614,0.6146146146146146,173.69776953108058,75.46434523636621
615,0.6156156156156156,172.2714741334775,75.57363225517408
616,0.6166166166166166,172.15482664913924,74.7304747591712
617,0.6176176176176176,168.96953636545766,72.01808931441371
618,0.6186186186186187,165.86142317336862,71.42939519258167
619,0.6196196196196196,166.34712750764905,71.34684149935701
620,0.6206206206206206,167.9312790342589,70.31886541091055
621,0.6216216216216216,171.57119737580683,75.3624194389321
622,0.6226226226226226,175.45007651855022,78.35013604241297
623,0.6236236236236237,178.0867745123074,80.19586766665212
624,0.6246246246246246,175.82094529380186,79.86930440920007
625,0.6256256256256256,175.70970347468784,78.49567017406305
626,0.6266266266266266,174.70862551512676,78.70834115373269
627,0.6276276276276276,173.1413234283387,74.89009237519294
628,0.6286286286286287,172.76422413457658,77.97544145789195
629,0.6296296296296297,174.87785751669875,78.24216024250839
630,0.6306306306306306,173.74172334657047,77.67854010045517
631,0.6316316316316316,177.54510288286426,79.1040866124547
632,0.6326326326326326,175.35632584365877,76.84813266605609
633,0.6336336336336337,176.45773757792858,78.7150833126059
634,0.6346346346346347,178.08724251253017,78.65119288091945
635,0.6356356356356356,177.95450707937314,80.2874301390512
636,0.6366366366366366,181.98223582769745,83.53954842177666
637,0.6376376376376376,184.79684836946254,86.66784311043176
638,0.6386386386386387,184.68610460265546,89.43366161692677
639,0.6396396396396397,185.12956955673687,88.44490561532737
640,0.6406406406406406,185.06892326246341,86.83849989346919
641,0.6416416416416416,184.60212976432328,87.46971978377404
642,0.6426426426426426,182.02475639162574,85.5460727889442
643,0.6436436436436437,178.8495564938473,80.09566645528707
644,0.6446446446446447,183.89468077094298,85.96341695064017
645,0.6456456456456456,183.6018863160235,84.8122341524652
646,0.6466466466466466,183.97234141456454,85.59056228900435
647,0.6476476476476476,180.8751268226196,83.64404709362641
648,0.6486486486486487,179.36894636672866,81.53539188605782
649,0.6496496496496497,175.59315973038406,78.09195040033299
650,0.6506506506506506,172.63683996694763,72.3695977196865
651,0.6516516516516516,176.3596354028651,77.80109441316164
652,0.6526526526526526,172.4013584690683,74.20088840563761
653,0.6536536536536537,170.95290322992372,74.06747066787753
654,0.6546546546546547,173.62816768008432,78.43152260148076
655,0.6556556556556556,175.4538898358313,76.0505455921496
656,0.6566566566566566,172.32384585918788,73.48034920652627
657,0.6576576576576576,169.7052472143537,72.45377178505984
658,0.6586586586586587,170.34796453954658,72.09174415786158
659,0.6596596596596597,170.46579448709855,74.10731491293808
660,0.6606606606606606,170.88766023510632,74.86154838741905
661,0.6616616616616616,169.0296667367149,72.06573651256217
662,0.6626626626626626,165.5803947497017,66.6974209162082
663,0.6636636636636637,161.6803693082258,63.29144092935685
664,0.6646646646646647,160.4870688233634,63.74350177271779
665,0.6656656656656657,159.93616818815255,61.58784742295129
666,0.6666666666666666,158.03105406745095,59.7152023365302
667,0.6676676676676676,156.41846273529669,60.741165253259666
668,0.6686686686686687,155.25047165483906,60.101797158966214
669,0.6696696696696697,156.3095628533318,59.30216969614673
670,0.6706706706706707,158.0078417369421,61.60131598923831
671,0.6716716716716716,157.64622145202043,61.805767261949555
672,0.6726726726726726,157.47163256238701,59.943459278964475
673,0.6736736736736737,159.25800120734414,61.31611422495035
674,0.6746746746746747,157.90293210940354,60.96185301406875
675,0.6756756756756757,155.51946264455546,58.792477555206446
676,0.6766766766766766,155.62245994447602,55.45132189734989
677,0.6776776776776777,159.7051147609305,62.14751127476364
678,0.6786786786786787,160.96832584732522,65.66282124533355
679,0.6796796796796797,182.86276267109628,84.94022499438366
680,0.6806806806806807,181.58844967560924,83.8420970995271
681,0.6816816816816816,177.7396385109666,77.96846774004017
682,0.6826826826826827,178.9644074341088,80.45204367586723
683,0.6836836836836837,181.76282614915007,84.47074074350353
684,0.6846846846846847,181.51623555469402,84.74289234118044
685,0.6856856856856857,178.2048628883884,81.31556986048578
686,0.6866866866866866,177.63093288242177,78.36541729852657
687,0.6876876876876877,176.68898075520528,80.24115672306489
688,0.6886886886886887,173.0159531087101,75.08972567591192
689,0.6896896896896897,174.2944776975211,78.50050221046291
690,0.6906906906906907,171.39480973286803,73.37042719897255
691,0.6916916916916916,172.19820716253028,74.49870320117583
692,0.6926926926926927,169.9106432908582,71.76576146134764
693,0.6936936936936937,173.4569807176088,76.6392382270747
694,0.6946946946946947,173.50924189773446,77.86225841206054
695,0.6956956956956957,173.18308044042632,73.84361641559663
696,0.6966966966966966,177.04974785438458,79.40023565049002
697,0.6976976976976977,179.7137697233925,80.37274428485641
698,0.6986986986986987,179.66986085645138,82.99963025712546
699,0.6996996996996997,176.82719370028283,76.53752577530382
700,0.7007007007007007,178.63463782103878,78.43832654984622
701,0.7017017017017017,176.67628957704204,78.44593717495687
702,0.7027027027027027,176.07764546091553,76.96571211582828
703,0.7037037037037037,179.67931549070275,80.22703789451892
704,0.7047047047047047,179.53357451431668,82.2154392065825
705,0.7057057057057057,180.98167412229589,83.72181144042155
706,0.7067067067067067,180.73153021574342,80.84502387241945
707,0.7077077077077077,178.98937948602364,78.87852012068586
708,0.7087087087087087,176.7298108827806,79.17142690868288
709,0.7097097097097097,177.0241962215255,77.59622658896515
710,0.7107107107107107,174.37657850581252,75.9466673991998
711,0.7117117117117117,176.7162057420756,77.42918510179697
712,0.7127127127127127,175.38654977551153,76.49890501192593
713,0.7137137137137137,178.84879329801598,80.20720735551672
714,0.7147147147147147,177.20535773731044,79.75925532584735
715,0.7157157157157157,178.06075316311626,79.61574345400666
716,0.7167167167167167,181.4449009079091,82.0578544468645
717,0.7177177177177178,183.72168523398284,87.94707145520167
718,0.7187187187187187,185.36797246740227,88.44558035951282
719,0.7197197197197197,185.219276773885,86.58097197519946
720,0.7207207207207207,185.97795082404426,87.5239898869263
721,0.7217217217217217,184.9178312306306,85.96280138079746
722,0.7227227227227228,188.67271079896614,93.61457015294224
723,0.7237237237237237,192.7538661921556,93.23880220620688
724,0.7247247247247247,193.6234916203024,94.7749449403961
725,0.7257257257257257,193.46021948422924,93.76590205206033
726,0.7267267267267267,194.9329667523851,96.31863790046647
727,0.7277277277277278,195.46203886045848,98.62346556532106
728,0.7287287287287287,194.8731359681963,96.0091993319381
729,0.7297297297297297,195.81435202081082,96.19446109314407
730,0.7307307307307307,194.8859460262817,94.21507850990483
731,0.7317317317317317,186.8116260816886,86.56172839604884
732,0.7327327327327328,184.23973333518344,85.95271141155598
733,0.7337337337337337,185.48618343726952,86.26518259580155
734,0.7347347347347347,186.99948741425786,88.40746843325383
735,0.7357357357357357,185.21007005640828,86.28546115569434
736,0.7367367367367368,183.75585608658594,86.12082987367403
737,0.7377377377377378,185.54411743617032,86.9407388829249
738,0.7387387387387387,186.0274729685601,88.01094625200633
739,0.7397397397397397,185.3630224077696,85.18863774801483
740,0.7407407407407407,186.73480408635,87.60001636001702
741,0.7417417417417418,187.5127304822393,86.3602811238362
742,0.7427427427427428,188.58411646705002,91.04416942132231
743,0.7437437437437437,191.14730217373958,90.6789980519596
744,0.7447447447447447,189.40584432397742,92.94854873843742
745,0.7457457457457457,188.88829569298667,89.33135734437697
746,0.7467467467467468,191.35719702696446,93.07165495107351
747,0.7477477477477478,189.62292125013963,90.6943704776749
748,0.7487487487487487,188.0334810830711,89.91221971608675
749,0.7497497497497497,186.26312007726628,87.23919745893727
750,0.7507507507507507,189.21882035178572,91.51611480193641
751,0.7517517517517518,189.88828462247622,94.09467194132051
752,0.7527527527527528,192.5173033385636,95.16356584036363
753,0.7537537537537538,192.10203320335125,93.18769958103408
754,0.7547547547547547,191.8091490667799,94.17319400956367
755,0.7557557557557557,192.37969516385,92.7227893852568
756,0.7567567567567568,188.99337794235228,89.7880234754351
757,0.7577577577577578,188.44316616935782,89.94779905119493
758,0.7587587587587588,183.05941187209172,87.10336238149958
759,0.7597597597597597,182.6809546751096,83.07680998063942
760,0.7607607607607607,178.13739137172809,80.21402873002295
761,0.7617617617617618,176.97745443263543,76.22232385380885
762,0.7627627627627628,173.96086962086608,72.93025312234825
763,0.7637637637637638,174.31515324307608,76.24973233856919
764,0.7647647647647647,175.75336760997124,77.01576039909479
765,0.7657657657657657,178.56566599431565,80.57985286408999
766,0.7667667667667668,174.66817811517384,75.80555295719532
767,0.7677677677677678,174.37920991670242,75.05401155254424
768,0.7687687687687688,176.26288507511745,76.67777058270069
769,0.7697697697697697,177.57201082658142,76.42632934356389
770,0.7707707707707707,174.97204849753166,75.60007546105386
771,0.7717717717717718,173.03396354325528,74.09572780595876
772,0.7727727727727728,171.94375517927966,71.67817083485203
773,0.7737737737737738,169.0150812210589,69.98855490339137
774,0.7747747747747747,169.82917642458887,72.07929325099185
775,0.7757757757757757,165.30678398327032,66.19126189131889
776,0.7767767767767768,166.74827785579515,68.32132788794614
777,0.7777777777777778,166.6267126153012,67.40027891890918
778,0.7787787787787788,166.89967375140418,68.05300487525206
779,0.7797797797797797,166.3815976445645,68.62798348774342
780,0.7807807807807807,168.54756635329812,69.93238484975763
781,0.7817817817817818,167.13923240609626,68.47695525955635
782,0.7827827827827828,165.89879936137766,66.92013026369908
783,0.7837837837837838,164.63382264954538,65.95503019190544
784,0.7847847847847848,165.69261592138466,67.10489111475277
785,0.7857857857857857,168.12037996060724,70.9842477342191
786,0.7867867867867868,169.77867522074988,70.33131008839385
787,0.7877877877877878,165.59388435914457,67.87165448443221
788,0.7887887887887888,163.393480088494,64.08689732876228
789,0.7897897897897898,163.44645093407254,66.45971073606555
790,0.7907907907907907,163.56312556160333,63.76125819824009
791,0.7917917917917918,165.93467637755325,66.25140019927093
792,0.7927927927927928,165.69216273245866,66.80474768354293
793,0.7937937937937938,169.80093370730413,70.4651166345131
794,0.7947947947947948,167.45169094702518,69.2169024996494
795,0.7957957957957957,165.5356096696843,68.89079533839295
796,0.7967967967967968,165.62174103156082,66.52530921786601
797,0.7977977977977978,161.891068257882,61.691448123809565
798,0.7987987987987988,158.83780130146127,61.825997888679495
799,0.7997997997997998,161.5013696772826,61.38423256383949
800,0.8008008008008007,156.87431653334966,58.60781477216135
801,0.8018018018018018,160.1139259647616,61.749701630614936
802,0.8028028028028028,159.33377051345053,61.669179788074324
803,0.8038038038038038,159.43091922392813,61.3608413831733
804,0.8048048048048048,159.3807508296041,60.745308913802525
805,0.8058058058058059,162.47256206178855,62.6261752113791
806,0.8068068068068068,163.55198459978246,64.8657686820654
807,0.8078078078078078,161.52349580210918,63.32436867882316
808,0.8088088088088088,157.456562582896,57.56291665898458
809,0.8098098098098098,156.31695686977147,57.87335703805165
810,0.8108108108108109,155.81166408021298,55.93521785143271
811,0.8118118118118118,153.3165872666659,54.41450199463118
812,0.8128128128128128,153.32696736466457,53.783755694653884
813,0.8138138138138138,150.65219039692738,52.44667644069534
814,0.8148148148148148,148.49982114541302,50.0829764436167
815,0.8158158158158159,143.6338249092166,45.76628156134884
816,0.8168168168168168,143.91174926050033,46.472739568598904
817,0.8178178178178178,147.75333810077558,50.19302100092187
818,0.8188188188188188,148.9362491478319,50.314879309914524
819,0.8198198198198198,149.97774391909297,52.64908358309922
820,0.8208208208208209,148.44825646905295,50.28148082926319
821,0.8218218218218218,147.5509855063154,49.643711509283946
822,0.8228228228228228,149.57819068739562,51.63205864590714
823,0.8238238238238238,150.6937003272322,51.83526536514376
824,0.8248248248248248,150.83520990004024,53.10207548953895
825,0.8258258258258259,153.04675941235573,54.481340269915506
826,0.8268268268268268,154.254054005218,55.32716336418379
827,0.8278278278278278,154.3145750627274,55.85548676505583
828,0.8288288288288288,155.70552872965945,56.83794085919552
829,0.8298298298298298,155.60058756547497,58.28017566980546
830,0.8308308308308309,153.8365743950909,55.349712023364184
831,0.8318318318318318,153.2849326386146,52.769647775933485
832,0.8328328328328328,153.90785386620263,55.66976281192693
833,0.8338338338338338,154.1390641554219,56.6912919761516
834,0.8348348348348348,155.4407560715804,57.66841535913119
835,0.8358358358358359,157.5276418558586,58.738667031193835
836,0.8368368368368369,154.87479429466146,56.184898390886794
837,0.8378378378378378,156.9515488098089,58.34015502492935
838,0.8388388388388388,157.09300974051519,59.005598653184286
839,0.8398398398398398,158.18240565869812,60.66930570023329
840,0.8408408408408409,156.92368913588493,57.701194246481634
841,0.8418418418418419,154.35683846204094,56.13753664888844
842,0.8428428428428428,154.92223659161698,57.444880097455744
843,0.8438438438438438,152.859792237722,54.45965161724773
844,0.8448448448448448,154.89920648600668,56.75270749453548
845,0.8458458458458459,154.3049342903339,55.005506153511774
846,0.8468468468468469,149.55016731866402,50.784194208445186
847,0.8478478478478478,151.4830448445654,53.77396983312024
848,0.8488488488488488,148.70034650989544,50.18449133735073
849,0.8498498498498498,148.94165101451313,51.21357880614413
850,0.8508508508508509,147.3161282765677,47.92772422166454
851,0.8518518518518519,144.48614438623048,46.76569596213375
852,0.8528528528528528,142.1636523042462,44.65321479988225
853,0.8538538538538538,140.90162391579966,42.23140012251354
854,0.8548548548548548,142.27724284821483,43.51364503203327
855,0.8558558558558559,143.3972313863056,45.1666713793117
856,0.8568568568568569,145.96954712578898,46.638280118279326
857,0.8578578578578578,145.87096595451675,47.503124128628905
858,0.8588588588588588,144.60726746523682,45.51325071036619
859,0.8598598598598598,144.16169574345219,44.91591953180274
860,0.8608608608608609,145.28520478426722,46.020203535056076
861,0.8618618618618619,144.63169053765301,44.531910396681226
862,0.8628628628628628,144.5909120195175,46.800317338660804
863,0.8638638638638638,142.2212062765024,44.15950879251803
864,0.8648648648648649,145.51259585845,46.459325586493996
865,0.8658658658658659,147.1115251512976,48.1774895735331
866,0.8668668668668669,148.19934240711444,49.04515463229313
867,0.8678678678678678,147.57485846163164,48.29101957318195
868,0.8688688688688688,142.7221877990566,44.699834378462675
869,0.8698698698698699,141.97175890789524,43.29941161777289
870,0.8708708708708709,146.2308288950099,47.727744924720575
871,0.8718718718718719,143.24422201770156,43.66054944939107
872,0.8728728728728729,142.36751596365542,43.37684215058077
873,0.8738738738738738,143.99164837226962,45.4388120517831
874,0.8748748748748749,141.88104838261978,42.81187571576034
875,0.8758758758758759,141.3420759157427,42.06501214128579
876,0.8768768768768769,141.82869122360466,42.47470885589227
877,0.8778778778778779,138.20309688809087,39.584897637025485
878,0.8788788788788788,138.37578913226412,39.80065647886383
879,0.8798798798798799,137.5341460126134,37.61303140596049
880,0.8808808808808809,139.0602638824347,40.13468176200401
881,0.8818818818818819,137.7872455672829,38.3880013865918
882,0.8828828828828829,135.97837603220282,37.81370278586831
883,0.8838838838838838,133.5826094844489,36.06203976172269
884,0.8848848848848849,131.2275524073553,32.752185741147464
885,0.8858858858858859,131.3799111689228,32.43627969605261
886,0.8868868868868869,128.89732849128217,31.63032033641959
887,0.8878878878878879,129.5015226664865,31.884744498467445
888,0.8888888888888888,129.22102173209458,30.88276198166291
889,0.8898898898898899,126.14043803217069,28.280859419786218
890,0.8908908908908909,126.67482514484226,27.97500860691662
891,0.8918918918918919,126.1017087819232,28.0441624316914
892,0.8928928928928929,128.77773495620468,30.640854530226097
893,0.8938938938938938,129.6887989839488,31.352878008286545
894,0.8948948948948949,128.86042988682246,30.854384639133134
895,0.8958958958958959,128.99328108547036,29.95659570956487
896,0.8968968968968969,130.90106950921276,32.06180846918001
897,0.8978978978978979,131.69557795060612,33.139193276056766
898,0.8988988988988988,135.07243282240796,35.67804699939651
899,0.8998998998998999,136.65452241553652,38.16886578710894
900,0.9009009009009008,138.03121374165394,39.81836283201241
901,0.901901901901902,139.88353178190386,40.50276870395896
902,0.9029029029029028,140.51334832908103,41.08578809884137
903,0.9039039039039038,141.42646417634148,42.53010389457165
904,0.9049049049049048,140.64991604593456,42.181437195200196
905,0.905905905905906,141.1738951466487,42.29936760728838
906,0.9069069069069068,141.86411850989828,42.68556029618185
907,0.907907907907908,139.36657009805484,40.463109997974435
908,0.9089089089089089,141.3116249355997,41.393777170612225
909,0.90990990990991,139.08770180033036,39.28549210362288
910,0.9109109109109108,139.2342848700333,40.18095456398584
911,0.911911911911912,139.3261273769352,40.10151745117225
912,0.9129129129129128,142.92069498843838,43.56244991209326
913,0.913913913913914,142.16472060771625,43.34710645102
914,0.914914914914915,141.16688139420896,41.631182637193625
915,0.915915915915916,140.51278900390832,41.06581290352566
916,0.9169169169169168,141.02129227050983,41.34721857268996
917,0.917917917917918,142.89552708563366,44.18466565326167
918,0.9189189189189187,140.50067773294037,41.10087629077634
919,0.9199199199199202,139.51324283056582,40.078604470561956
920,0.9209209209209208,136.25003192073186,36.312952733713566
921,0.921921921921922,135.94122867028798,36.969521055976934
922,0.9229229229229228,137.71846132824916,38.49009022484336
923,0.923923923923924,138.98195281677567,40.39431232179289
924,0.9249249249249252,137.1612293283975,37.826429119918274
925,0.925925925925926,136.21355197275082,36.74825659797722
926,0.9269269269269268,136.15258610119514,36.734626829182396
927,0.927927927927928,136.60554216305223,36.82135474529623
928,0.9289289289289288,135.7457094408006,36.63844290341612
929,0.9299299299299301,139.6234121853873,40.42006491780618
930,0.9309309309309308,140.39431485754994,41.03573950569079
931,0.931931931931932,143.7268887308444,43.62753864797163
932,0.9329329329329328,142.59773712143138,42.90759008912688
933,0.9339339339339341,141.81904163009114,41.57606128010718
934,0.9349349349349351,143.28884512187236,44.07991997846526
935,0.935935935935936,143.57021001086306,44.35988736343559
936,0.9369369369369368,142.4603505493956,42.614486926473965
937,0.937937937937938,145.61509565658687,45.66328877531542
938,0.9389389389389391,146.2979700490139,46.700898361427136
939,0.93993993993994,147.02641166690955,47.210301284225494
940,0.9409409409409408,146.58282154480239,47.22909431346788
941,0.941941941941942,144.07857910904062,44.41827982592133
942,0.9429429429429428,141.55379572601353,41.72316326308007
943,0.9439439439439441,141.2404969066584,41.46251452834268
944,0.944944944944945,141.23047771874866,41.995788784476055
945,0.945945945945946,140.50226305076546,41.551262774014326
946,0.9469469469469468,139.6759089269881,40.36416354831169
947,0.947947947947948,137.90173527245898,38.30708329523733
948,0.9489489489489491,138.3516314643285,38.80505410402235
949,0.94994994994995,141.03125858735814,41.40163523826427
950,0.950950950950951,142.02390281011824,41.80172946197713
951,0.951951951951952,141.96767156831166,42.46686288335421
952,0.9529529529529528,139.66586334190177,39.515396483569155
953,0.9539539539539541,139.18975124145945,39.325810141328695
954,0.954954954954955,137.8381133997345,38.43598123399952
955,0.955955955955956,138.40292663234038,38.68075546727828
956,0.9569569569569568,137.65633740959422,38.10712554482493
957,0.957957957957958,140.91695262165095,41.80999016202568
958,0.9589589589589591,143.75004539407388,44.164928341331695
959,0.95995995995996,144.13772185224903,44.445133528699145
960,0.960960960960961,142.3526373416679,42.95835525874206
961,0.961961961961962,139.8713196845875,39.831639906772445
962,0.9629629629629628,141.28418298220427,41.308627162958416
963,0.9639639639639641,139.54348090473422,39.71701239604009
964,0.964964964964965,140.0506363797562,39.76306438818408
965,0.965965965965966,138.13655888377934,38.414756730878125
966,0.9669669669669668,139.54370804544243,39.55627730492026
967,0.967967967967968,137.8314889527904,37.91270396321799
968,0.9689689689689691,137.44849091871015,37.889745680287284
969,0.96996996996997,138.1272394024646,38.27854115950848
970,0.970970970970971,137.22312511960936,37.371301028465965
971,0.971971971971972,136.13407861594234,36.424984733760276
972,0.9729729729729728,138.76329617953414,39.1926491486278
973,0.9739739739739741,140.55779583669442,40.67992551536142
974,0.974974974974975,139.4671555704615,39.60770291948831
975,0.975975975975976,136.26445114787384,36.81171645843624
976,0.9769769769769768,133.72514977964616,33.60166008572049
977,0.977977977977978,134.2842578494751,34.730813824320926
978,0.978978978978979,130.87317966179344,30.843430256415658
979,0.97997997997998,129.67888586214085,29.853642274501766
980,0.980980980980981,132.1263987258226,32.29269563731875
981,0.981981981981982,133.34816033901637,33.41780999406728
982,0.9829829829829828,130.0260666317282,30.15758963710588
983,0.983983983983984,128.16598851526012,28.283897948139106
984,0.984984984984985,128.5153360909035,28.7014189668775
985,0.985985985985986,128.78392800686746,28.878171320119854
986,0.986986986986987,129.957393390205,29.983260667202163
987,0.987987987987988,129.216795562665,29.315512869899162
988,0.988988988988989,132.35855307787364,32.47981921748808
989,0.98998998998999,132.81907047413034,32.84557235051273
990,0.990990990990991,132.34413288171586,32.4141395491936
991,0.991991991991992,132.39378285436584,32.453514425089324
992,0.9929929929929928,131.9219252894847,32.07820107902924
993,0.993993993993994,132.86597409891988,32.89610203713817
994,0.994994994994995,132.48981132510556,32.59211040720235
995,0.995995995995996,133.21246638140585,33.25772927533662
996,0.996996996996997,133.91383130116932,33.92447782725216
997,0.997997997997998,135.68560450002659,35.68173152437625
998,0.998998998998999,137.0036946970009,37.01121325277365
999,1.0,138.40785786186802,38.407857861868024
